type_index,namespace,name
0,,<Module>
1,System,Object
2,System,ValueType
3,System,Attribute
4,System.Runtime.InteropServices,_Attribute
5,System,Int32
6,System,IFormattable
7,System,IConvertible
8,System,IComparable
9,System,IComparable`1
10,System,SerializableAttribute
11,System,AttributeUsageAttribute
12,System.Runtime.InteropServices,ComVisibleAttribute
13,System,IEquatable`1
14,System,Int64
15,System,UInt32
16,System,CLSCompliantAttribute
17,System,UInt64
18,System,Byte
19,System,SByte
20,System,Int16
21,System,UInt16
22,System.Collections,IEnumerator
23,System.Collections,IEnumerable
24,System,IDisposable
25,System.Collections.Generic,IEnumerator`1
26,System,Char
27,System,String
28,System,ICloneable
29,System.Collections.Generic,IEnumerable`1
30,System,Single
31,System,Double
32,System,Decimal
33,System,Boolean
34,System,IntPtr
35,System.Runtime.Serialization,ISerializable
36,System,UIntPtr
37,System,MulticastDelegate
38,System,Delegate
39,System,Enum
40,System,Array
41,,InternalEnumerator`1
42,,SimpleEnumerator
43,,ArrayReadOnlyList`1
44,,<GetEnumerator>c__Iterator0
45,,Swapper
46,System.Collections,ICollection
47,System.Collections,IList
48,System.Collections.Generic,IList`1
49,System.Collections.Generic,ICollection`1
50,System,Void
51,System,Type
52,System.Reflection,MemberInfo
53,System.Reflection,ICustomAttributeProvider
54,System.Runtime.InteropServices,_MemberInfo
55,System.Reflection,IReflect
56,System.Runtime.InteropServices,_Type
57,System,Exception
58,System.Runtime.InteropServices,_Exception
59,System,RuntimeFieldHandle
60,System,RuntimeTypeHandle
61,System,ParamArrayAttribute
62,System.Runtime.InteropServices,OutAttribute
63,System,ObsoleteAttribute
64,System.Runtime.InteropServices,DllImportAttribute
65,System.Runtime.InteropServices,MarshalAsAttribute
66,System.Runtime.InteropServices,InAttribute
67,System.Security.Permissions,SecurityAttribute
68,System.Runtime.InteropServices,GuidAttribute
69,System.Runtime.InteropServices,ComImportAttribute
70,System.Runtime.InteropServices,OptionalAttribute
71,System.Runtime.CompilerServices,FixedBufferAttribute
72,System.Runtime.CompilerServices,CompilerGeneratedAttribute
73,System.Runtime.CompilerServices,InternalsVisibleToAttribute
74,System.Runtime.CompilerServices,RuntimeCompatibilityAttribute
75,System.Diagnostics,DebuggerHiddenAttribute
76,System.Reflection,DefaultMemberAttribute
77,System.Runtime.CompilerServices,DecimalConstantAttribute
78,System.Runtime.InteropServices,FieldOffsetAttribute
79,System,RuntimeArgumentHandle
80,System,AsyncCallback
81,System,IAsyncResult
82,System,TypedReference
83,System,ArgIterator
84,System,MarshalByRefObject
85,System,Nullable`1
86,System.Runtime.CompilerServices,RuntimeHelpers
87,,Locale
88,System,MonoTODOAttribute
89,System,MonoDocumentationNoteAttribute
90,Microsoft.Win32.SafeHandles,SafeHandleZeroOrMinusOneIsInvalid
91,Microsoft.Win32.SafeHandles,SafeWaitHandle
92,Mono.Globalization.Unicode,CodePointIndexer
93,,TableRange
94,Mono.Globalization.Unicode,TailoringInfo
95,Mono.Globalization.Unicode,Contraction
96,Mono.Globalization.Unicode,ContractionComparer
97,Mono.Globalization.Unicode,Level2Map
98,Mono.Globalization.Unicode,Level2MapComparer
99,Mono.Globalization.Unicode,MSCompatUnicodeTable
100,Mono.Globalization.Unicode,MSCompatUnicodeTableUtil
101,Mono.Globalization.Unicode,SimpleCollator
102,,Context
103,,PreviousInfo
104,,Escape
105,,ExtenderType
106,System.Globalization,SortKey
107,Mono.Globalization.Unicode,SortKeyBuffer
108,Mono.Math.Prime.Generator,PrimeGeneratorBase
109,Mono.Math.Prime.Generator,SequentialSearchPrimeGeneratorBase
110,Mono.Math.Prime,ConfidenceFactor
111,Mono.Math.Prime,PrimalityTests
112,Mono.Math,BigInteger
113,,Sign
114,,ModulusRing
115,,Kernel
116,Mono.Security.Cryptography,CryptoConvert
117,Mono.Security.Cryptography,KeyBuilder
118,Mono.Security.Cryptography,BlockProcessor
119,Mono.Security.Cryptography,DSAManaged
120,,KeyGeneratedEventHandler
121,Mono.Security.Cryptography,KeyPairPersistence
122,Mono.Security.Cryptography,MACAlgorithm
123,Mono.Security.Cryptography,PKCS1
124,Mono.Security.Cryptography,PKCS8
125,,PrivateKeyInfo
126,,EncryptedPrivateKeyInfo
127,Mono.Security.Cryptography,RSAManaged
128,,KeyGeneratedEventHandler
129,Mono.Security.Cryptography,SymmetricTransform
130,Mono.Security.X509,SafeBag
131,Mono.Security.X509,PKCS12
132,,DeriveBytes
133,Mono.Security.X509,X501
134,Mono.Security.X509,X509Certificate
135,Mono.Security.X509,X509CertificateCollection
136,,X509CertificateEnumerator
137,Mono.Security.X509,X509Extension
138,Mono.Security.X509,X509ExtensionCollection
139,Mono.Security,ASN1
140,Mono.Security,ASN1Convert
141,Mono.Security,BitConverterLE
142,Mono.Security,PKCS7
143,,ContentInfo
144,,EncryptedData
145,Mono.Security,StrongName
146,Mono.Xml,SecurityParser
147,Mono.Xml,SmallXmlParser
148,,IContentHandler
149,,IAttrList
150,,AttrListImpl
151,Mono.Xml,SmallXmlParserException
152,Mono,Runtime
153,System.Collections.Generic,CollectionDebuggerView`1
154,System.Collections.Generic,CollectionDebuggerView`2
155,System.Collections.Generic,Comparer`1
156,,DefaultComparer
157,System.Collections.Generic,GenericComparer`1
158,System.Collections.Generic,Link
159,System.Collections.Generic,Dictionary`2
160,,ShimEnumerator
161,,Enumerator
162,,KeyCollection
163,,Enumerator
164,,ValueCollection
165,,Enumerator
166,,Transform`1
167,System.Collections.Generic,EqualityComparer`1
168,,DefaultComparer
169,System.Collections.Generic,GenericEqualityComparer`1
170,System.Collections.Generic,IComparer`1
171,System.Collections.Generic,IDictionary`2
172,System.Collections.Generic,IEqualityComparer`1
173,System.Collections.Generic,KeyNotFoundException
174,System.Collections.Generic,KeyValuePair`2
175,System.Collections.Generic,List`1
176,,Enumerator
177,System.Collections.ObjectModel,Collection`1
178,System.Collections.ObjectModel,ReadOnlyCollection`1
179,System.Collections,ArrayList
180,,SimpleEnumerator
181,,ArrayListWrapper
182,,SynchronizedArrayListWrapper
183,,FixedSizeArrayListWrapper
184,,ReadOnlyArrayListWrapper
185,System.Collections,BitArray
186,,BitArrayEnumerator
187,System.Collections,CaseInsensitiveComparer
188,System.Collections,CaseInsensitiveHashCodeProvider
189,System.Collections,CollectionBase
190,System.Collections,CollectionDebuggerView
191,System.Collections,Comparer
192,System.Collections,DictionaryEntry
193,System.Collections,Hashtable
194,,Slot
195,,KeyMarker
196,,EnumeratorMode
197,,Enumerator
198,,HashKeys
199,,HashValues
200,,SyncHashtable
201,System.Collections,IComparer
202,System.Collections,IDictionary
203,System.Collections,IDictionaryEnumerator
204,System.Collections,IEqualityComparer
205,System.Collections,IHashCodeProvider
206,System.Collections,SortedList
207,,Slot
208,,EnumeratorMode
209,,Enumerator
210,System.Collections,Stack
211,,Enumerator
212,System.Configuration.Assemblies,AssemblyHashAlgorithm
213,System.Configuration.Assemblies,AssemblyVersionCompatibility
214,System.Diagnostics.SymbolStore,ISymbolWriter
215,System.Diagnostics,DebuggableAttribute
216,,DebuggingModes
217,System.Diagnostics,DebuggerBrowsableAttribute
218,System.Diagnostics,DebuggerBrowsableState
219,System.Diagnostics,DebuggerDisplayAttribute
220,System.Diagnostics,DebuggerStepThroughAttribute
221,System.Diagnostics,DebuggerTypeProxyAttribute
222,System.Diagnostics,StackFrame
223,System.Diagnostics,StackTrace
224,System.Globalization,Calendar
225,System.Globalization,CCMath
226,System.Globalization,CCFixed
227,System.Globalization,CCGregorianCalendar
228,System.Globalization,CompareInfo
229,System.Globalization,CompareOptions
230,System.Globalization,CultureInfo
231,System.Globalization,DateTimeFormatFlags
232,System.Globalization,DateTimeFormatInfo
233,System.Globalization,DateTimeStyles
234,System.Globalization,DaylightTime
235,System.Globalization,GregorianCalendar
236,System.Globalization,GregorianCalendarTypes
237,System.Globalization,NumberFormatInfo
238,System.Globalization,NumberStyles
239,System.Globalization,RegionInfo
240,System.Globalization,TextInfo
241,,Data
242,System.Globalization,UnicodeCategory
243,System.IO.IsolatedStorage,IsolatedStorageException
244,System.IO,BinaryReader
245,System.IO,Directory
246,System.IO,DirectoryInfo
247,System.IO,DirectoryNotFoundException
248,System.IO,EndOfStreamException
249,System.IO,File
250,System.IO,FileAccess
251,System.IO,FileAttributes
252,System.IO,FileLoadException
253,System.IO,FileMode
254,System.IO,FileNotFoundException
255,System.IO,FileOptions
256,System.IO,FileShare
257,System.IO,FileStream
258,,ReadDelegate
259,,WriteDelegate
260,System.IO,FileStreamAsyncResult
261,System.IO,FileSystemInfo
262,System.IO,IOException
263,System.IO,MemoryStream
264,System.IO,MonoFileType
265,System.IO,MonoIO
266,System.IO,MonoIOError
267,System.IO,MonoIOStat
268,System.IO,Path
269,System.IO,PathTooLongException
270,System.IO,SearchPattern
271,System.IO,SeekOrigin
272,System.IO,Stream
273,System.IO,NullStream
274,System.IO,StreamAsyncResult
275,System.IO,StreamReader
276,,NullStreamReader
277,System.IO,StreamWriter
278,System.IO,StringReader
279,System.IO,TextReader
280,,NullTextReader
281,System.IO,SynchronizedReader
282,System.IO,TextWriter
283,,NullTextWriter
284,System.IO,SynchronizedWriter
285,System.IO,UnexceptionalStreamReader
286,System.IO,UnexceptionalStreamWriter
287,System.IO,UnmanagedMemoryStream
288,System.Reflection.Emit,RefEmitPermissionSet
289,System.Reflection.Emit,MonoResource
290,System.Reflection.Emit,AssemblyBuilder
291,System.Reflection.Emit,ConstructorBuilder
292,System.Reflection.Emit,CustomAttributeBuilder
293,System.Reflection.Emit,DerivedType
294,System.Reflection.Emit,ByRefType
295,System.Reflection.Emit,EnumBuilder
296,System.Reflection.Emit,EventBuilder
297,System.Reflection.Emit,FieldBuilder
298,System.Reflection.Emit,GenericTypeParameterBuilder
299,System.Reflection.Emit,ILTokenInfo
300,System.Reflection.Emit,TokenGenerator
301,System.Reflection.Emit,ILGenerator
302,,LabelFixup
303,,LabelData
304,System.Reflection.Emit,MethodBuilder
305,System.Reflection.Emit,MethodToken
306,System.Reflection.Emit,ModuleBuilder
307,System.Reflection.Emit,ModuleBuilderTokenGenerator
308,System.Reflection.Emit,OpCode
309,System.Reflection.Emit,OpCodeNames
310,System.Reflection.Emit,OpCodes
311,System.Reflection.Emit,PackingSize
312,System.Reflection.Emit,ParameterBuilder
313,System.Reflection.Emit,PropertyBuilder
314,System.Reflection.Emit,StackBehaviour
315,System.Reflection.Emit,TypeBuilder
316,System.Reflection.Emit,UnmanagedMarshal
317,System.Reflection,AmbiguousMatchException
318,System.Reflection,Assembly
319,,ResolveEventHolder
320,System.Reflection,AssemblyCompanyAttribute
321,System.Reflection,AssemblyConfigurationAttribute
322,System.Reflection,AssemblyCopyrightAttribute
323,System.Reflection,AssemblyDefaultAliasAttribute
324,System.Reflection,AssemblyDelaySignAttribute
325,System.Reflection,AssemblyDescriptionAttribute
326,System.Reflection,AssemblyFileVersionAttribute
327,System.Reflection,AssemblyInformationalVersionAttribute
328,System.Reflection,AssemblyKeyFileAttribute
329,System.Reflection,AssemblyName
330,System.Reflection,AssemblyNameFlags
331,System.Reflection,AssemblyProductAttribute
332,System.Reflection,AssemblyTitleAttribute
333,System.Reflection,AssemblyTrademarkAttribute
334,System.Reflection,Binder
335,,Default
336,System.Reflection,BindingFlags
337,System.Reflection,CallingConventions
338,System.Reflection,ConstructorInfo
339,System.Reflection,CustomAttributeData
340,System.Reflection,CustomAttributeNamedArgument
341,System.Reflection,CustomAttributeTypedArgument
342,System.Reflection,EventAttributes
343,System.Reflection,EventInfo
344,,AddEventAdapter
345,System.Reflection,FieldAttributes
346,System.Reflection,FieldInfo
347,System.Reflection,MemberInfoSerializationHolder
348,System.Reflection,MemberTypes
349,System.Reflection,MethodAttributes
350,System.Reflection,MethodBase
351,System.Reflection,MethodImplAttributes
352,System.Reflection,MethodInfo
353,System.Reflection,Missing
354,System.Reflection,Module
355,System.Reflection,MonoEventInfo
356,System.Reflection,MonoEvent
357,System.Reflection,MonoField
358,System.Reflection,MonoGenericMethod
359,System.Reflection,MonoGenericCMethod
360,System.Reflection,MonoMethodInfo
361,System.Reflection,MonoMethod
362,System.Reflection,MonoCMethod
363,System.Reflection,MonoPropertyInfo
364,System.Reflection,PInfo
365,System.Reflection,MonoProperty
366,,GetterAdapter
367,,Getter`2
368,,StaticGetter`1
369,System.Reflection,ParameterAttributes
370,System.Reflection,ParameterInfo
371,System.Reflection,ParameterModifier
372,System.Reflection,Pointer
373,System.Reflection,ProcessorArchitecture
374,System.Reflection,PropertyAttributes
375,System.Reflection,PropertyInfo
376,System.Reflection,ResourceAttributes
377,System.Reflection,StrongNameKeyPair
378,System.Reflection,TargetException
379,System.Reflection,TargetInvocationException
380,System.Reflection,TargetParameterCountException
381,System.Reflection,TypeAttributes
382,System.Resources,IResourceReader
383,System.Resources,NeutralResourcesLanguageAttribute
384,System.Resources,ResourceManager
385,System.Resources,PredefinedResourceType
386,System.Resources,ResourceReader
387,,ResourceInfo
388,,ResourceCacheItem
389,,ResourceEnumerator
390,System.Resources,ResourceSet
391,System.Resources,RuntimeResourceSet
392,System.Resources,SatelliteContractVersionAttribute
393,System.Runtime.CompilerServices,CompilationRelaxations
394,System.Runtime.CompilerServices,CompilationRelaxationsAttribute
395,System.Runtime.CompilerServices,DefaultDependencyAttribute
396,System.Runtime.CompilerServices,IsVolatile
397,System.Runtime.CompilerServices,LoadHint
398,System.Runtime.CompilerServices,StringFreezingAttribute
399,System.Runtime.ConstrainedExecution,Cer
400,System.Runtime.ConstrainedExecution,Consistency
401,System.Runtime.ConstrainedExecution,CriticalFinalizerObject
402,System.Runtime.ConstrainedExecution,ReliabilityContractAttribute
403,System.Runtime.Hosting,ActivationArguments
404,System.Runtime.InteropServices,COMException
405,System.Runtime.InteropServices,CallingConvention
406,System.Runtime.InteropServices,CharSet
407,System.Runtime.InteropServices,ClassInterfaceAttribute
408,System.Runtime.InteropServices,ClassInterfaceType
409,System.Runtime.InteropServices,ComDefaultInterfaceAttribute
410,System.Runtime.InteropServices,ComInterfaceType
411,System.Runtime.InteropServices,DispIdAttribute
412,System.Runtime.InteropServices,ErrorWrapper
413,System.Runtime.InteropServices,ExternalException
414,System.Runtime.InteropServices,GCHandle
415,System.Runtime.InteropServices,GCHandleType
416,System.Runtime.InteropServices,InterfaceTypeAttribute
417,System.Runtime.InteropServices,Marshal
418,System.Runtime.InteropServices,MarshalDirectiveException
419,System.Runtime.InteropServices,PreserveSigAttribute
420,System.Runtime.InteropServices,SafeHandle
421,System.Runtime.InteropServices,TypeLibImportClassAttribute
422,System.Runtime.InteropServices,TypeLibVersionAttribute
423,System.Runtime.InteropServices,UnmanagedFunctionPointerAttribute
424,System.Runtime.InteropServices,UnmanagedType
425,System.Runtime.InteropServices,_Activator
426,System.Runtime.InteropServices,_Assembly
427,System.Runtime.InteropServices,_AssemblyBuilder
428,System.Runtime.InteropServices,_AssemblyName
429,System.Runtime.InteropServices,_ConstructorBuilder
430,System.Runtime.InteropServices,_ConstructorInfo
431,System.Runtime.InteropServices,_CustomAttributeBuilder
432,System.Runtime.InteropServices,_EnumBuilder
433,System.Runtime.InteropServices,_EventBuilder
434,System.Runtime.InteropServices,_EventInfo
435,System.Runtime.InteropServices,_FieldBuilder
436,System.Runtime.InteropServices,_FieldInfo
437,System.Runtime.InteropServices,_ILGenerator
438,System.Runtime.InteropServices,_MethodBase
439,System.Runtime.InteropServices,_MethodBuilder
440,System.Runtime.InteropServices,_MethodInfo
441,System.Runtime.InteropServices,_Module
442,System.Runtime.InteropServices,_ModuleBuilder
443,System.Runtime.InteropServices,_ParameterBuilder
444,System.Runtime.InteropServices,_ParameterInfo
445,System.Runtime.InteropServices,_PropertyBuilder
446,System.Runtime.InteropServices,_PropertyInfo
447,System.Runtime.InteropServices,_Thread
448,System.Runtime.InteropServices,_TypeBuilder
449,System.Runtime.Remoting.Activation,ActivationServices
450,System.Runtime.Remoting.Activation,AppDomainLevelActivator
451,System.Runtime.Remoting.Activation,ConstructionLevelActivator
452,System.Runtime.Remoting.Activation,ContextLevelActivator
453,System.Runtime.Remoting.Activation,IActivator
454,System.Runtime.Remoting.Activation,IConstructionCallMessage
455,System.Runtime.Remoting.Activation,RemoteActivator
456,System.Runtime.Remoting.Activation,UrlAttribute
457,System.Runtime.Remoting,ChannelInfo
458,System.Runtime.Remoting.Channels,ChannelServices
459,System.Runtime.Remoting.Channels,CrossAppDomainData
460,System.Runtime.Remoting.Channels,CrossAppDomainChannel
461,System.Runtime.Remoting.Channels,CrossAppDomainSink
462,System.Runtime.Remoting.Channels,IChannel
463,System.Runtime.Remoting.Channels,IChannelDataStore
464,System.Runtime.Remoting.Channels,IChannelReceiver
465,System.Runtime.Remoting.Channels,IChannelSender
466,System.Runtime.Remoting.Channels,IClientChannelSinkProvider
467,System.Runtime.Remoting.Channels,ISecurableChannel
468,System.Runtime.Remoting.Channels,IServerChannelSinkProvider
469,System.Runtime.Remoting.Channels,SinkProviderData
470,System.Runtime.Remoting.Contexts,Context
471,System.Runtime.Remoting.Contexts,DynamicPropertyCollection
472,,DynamicPropertyReg
473,System.Runtime.Remoting.Contexts,ContextCallbackObject
474,System.Runtime.Remoting.Contexts,ContextAttribute
475,System.Runtime.Remoting.Contexts,CrossContextChannel
476,System.Runtime.Remoting.Contexts,IContextAttribute
477,System.Runtime.Remoting.Contexts,IContextProperty
478,System.Runtime.Remoting.Contexts,IContributeClientContextSink
479,System.Runtime.Remoting.Contexts,IContributeDynamicSink
480,System.Runtime.Remoting.Contexts,IContributeEnvoySink
481,System.Runtime.Remoting.Contexts,IContributeObjectSink
482,System.Runtime.Remoting.Contexts,IContributeServerContextSink
483,System.Runtime.Remoting.Contexts,IDynamicMessageSink
484,System.Runtime.Remoting.Contexts,IDynamicProperty
485,System.Runtime.Remoting.Contexts,SynchronizationAttribute
486,System.Runtime.Remoting.Contexts,SynchronizedClientContextSink
487,System.Runtime.Remoting.Contexts,SynchronizedServerContextSink
488,System.Runtime.Remoting.Lifetime,LeaseManager
489,System.Runtime.Remoting.Lifetime,LeaseSink
490,System.Runtime.Remoting.Lifetime,LifetimeServices
491,System.Runtime.Remoting.Messaging,ArgInfoType
492,System.Runtime.Remoting.Messaging,ArgInfo
493,System.Runtime.Remoting.Messaging,AsyncResult
494,System.Runtime.Remoting.Messaging,ClientContextTerminatorSink
495,System.Runtime.Remoting.Messaging,ConstructionCall
496,System.Runtime.Remoting.Messaging,ConstructionCallDictionary
497,System.Runtime.Remoting.Messaging,EnvoyTerminatorSink
498,System.Runtime.Remoting.Messaging,Header
499,System.Runtime.Remoting.Messaging,IInternalMessage
500,System.Runtime.Remoting.Messaging,IMessage
501,System.Runtime.Remoting.Messaging,IMessageCtrl
502,System.Runtime.Remoting.Messaging,IMessageSink
503,System.Runtime.Remoting.Messaging,IMethodCallMessage
504,System.Runtime.Remoting.Messaging,IMethodMessage
505,System.Runtime.Remoting.Messaging,IMethodReturnMessage
506,System.Runtime.Remoting.Messaging,IRemotingFormatter
507,System.Runtime.Remoting.Messaging,ISerializationRootObject
508,System.Runtime.Remoting.Messaging,LogicalCallContext
509,System.Runtime.Remoting.Messaging,CallContextRemotingData
510,System.Runtime.Remoting.Messaging,MethodCall
511,System.Runtime.Remoting.Messaging,MethodCallDictionary
512,System.Runtime.Remoting.Messaging,MethodDictionary
513,,DictionaryEnumerator
514,System.Runtime.Remoting.Messaging,MethodReturnDictionary
515,System.Runtime.Remoting.Messaging,MonoMethodMessage
516,System.Runtime.Remoting.Messaging,RemotingSurrogate
517,System.Runtime.Remoting.Messaging,ObjRefSurrogate
518,System.Runtime.Remoting.Messaging,RemotingSurrogateSelector
519,System.Runtime.Remoting.Messaging,ReturnMessage
520,System.Runtime.Remoting.Messaging,ServerContextTerminatorSink
521,System.Runtime.Remoting.Messaging,ServerObjectTerminatorSink
522,System.Runtime.Remoting.Messaging,StackBuilderSink
523,System.Runtime.Remoting.Metadata,SoapAttribute
524,System.Runtime.Remoting.Metadata,SoapFieldAttribute
525,System.Runtime.Remoting.Metadata,SoapMethodAttribute
526,System.Runtime.Remoting.Metadata,SoapParameterAttribute
527,System.Runtime.Remoting.Metadata,SoapTypeAttribute
528,System.Runtime.Remoting.Proxies,ProxyAttribute
529,System.Runtime.Remoting.Proxies,TransparentProxy
530,System.Runtime.Remoting.Proxies,RealProxy
531,System.Runtime.Remoting.Proxies,RemotingProxy
532,System.Runtime.Remoting.Services,ITrackingHandler
533,System.Runtime.Remoting.Services,TrackingServices
534,System.Runtime.Remoting,ActivatedClientTypeEntry
535,System.Runtime.Remoting,ActivatedServiceTypeEntry
536,System.Runtime.Remoting,EnvoyInfo
537,System.Runtime.Remoting,IChannelInfo
538,System.Runtime.Remoting,IEnvoyInfo
539,System.Runtime.Remoting,IRemotingTypeInfo
540,System.Runtime.Remoting,Identity
541,System.Runtime.Remoting,ClientIdentity
542,System.Runtime.Remoting,InternalRemotingServices
543,System.Runtime.Remoting,ObjRef
544,System.Runtime.Remoting,RemotingConfiguration
545,System.Runtime.Remoting,ConfigHandler
546,System.Runtime.Remoting,ChannelData
547,System.Runtime.Remoting,ProviderData
548,System.Runtime.Remoting,FormatterData
549,System.Runtime.Remoting,RemotingException
550,System.Runtime.Remoting,RemotingServices
551,System.Runtime.Remoting,ServerIdentity
552,System.Runtime.Remoting,ClientActivatedIdentity
553,System.Runtime.Remoting,SingletonIdentity
554,System.Runtime.Remoting,SingleCallIdentity
555,System.Runtime.Remoting,SoapServices
556,,TypeInfo
557,System.Runtime.Remoting,TypeEntry
558,System.Runtime.Remoting,TypeInfo
559,System.Runtime.Remoting,WellKnownClientTypeEntry
560,System.Runtime.Remoting,WellKnownObjectMode
561,System.Runtime.Remoting,WellKnownServiceTypeEntry
562,System.Runtime.Serialization.Formatters.Binary,BinaryCommon
563,System.Runtime.Serialization.Formatters.Binary,BinaryElement
564,System.Runtime.Serialization.Formatters.Binary,TypeTag
565,System.Runtime.Serialization.Formatters.Binary,MethodFlags
566,System.Runtime.Serialization.Formatters.Binary,ReturnTypeTag
567,System.Runtime.Serialization.Formatters.Binary,BinaryFormatter
568,System.Runtime.Serialization.Formatters.Binary,MessageFormatter
569,System.Runtime.Serialization.Formatters.Binary,ObjectReader
570,,TypeMetadata
571,,ArrayNullFiller
572,System.Runtime.Serialization.Formatters,FormatterAssemblyStyle
573,System.Runtime.Serialization.Formatters,FormatterTypeStyle
574,System.Runtime.Serialization.Formatters,TypeFilterLevel
575,System.Runtime.Serialization,FormatterConverter
576,System.Runtime.Serialization,FormatterServices
577,System.Runtime.Serialization,IDeserializationCallback
578,System.Runtime.Serialization,IFormatter
579,System.Runtime.Serialization,IFormatterConverter
580,System.Runtime.Serialization,IObjectReference
581,System.Runtime.Serialization,ISerializationSurrogate
582,System.Runtime.Serialization,ISurrogateSelector
583,System.Runtime.Serialization,ObjectManager
584,System.Runtime.Serialization,BaseFixupRecord
585,System.Runtime.Serialization,ArrayFixupRecord
586,System.Runtime.Serialization,MultiArrayFixupRecord
587,System.Runtime.Serialization,FixupRecord
588,System.Runtime.Serialization,DelayedFixupRecord
589,System.Runtime.Serialization,ObjectRecordStatus
590,System.Runtime.Serialization,ObjectRecord
591,System.Runtime.Serialization,OnDeserializedAttribute
592,System.Runtime.Serialization,OnDeserializingAttribute
593,System.Runtime.Serialization,OnSerializedAttribute
594,System.Runtime.Serialization,OnSerializingAttribute
595,System.Runtime.Serialization,SerializationBinder
596,System.Runtime.Serialization,SerializationCallbacks
597,,CallbackHandler
598,System.Runtime.Serialization,SerializationEntry
599,System.Runtime.Serialization,SerializationException
600,System.Runtime.Serialization,SerializationInfo
601,System.Runtime.Serialization,SerializationInfoEnumerator
602,System.Runtime.Serialization,StreamingContext
603,System.Runtime.Serialization,StreamingContextStates
604,System.Security.Cryptography.X509Certificates,X509Certificate
605,System.Security.Cryptography.X509Certificates,X509KeyStorageFlags
606,System.Security.Cryptography,AsymmetricAlgorithm
607,System.Security.Cryptography,AsymmetricKeyExchangeFormatter
608,System.Security.Cryptography,AsymmetricSignatureDeformatter
609,System.Security.Cryptography,AsymmetricSignatureFormatter
610,System.Security.Cryptography,Base64Constants
611,System.Security.Cryptography,CipherMode
612,System.Security.Cryptography,CryptoConfig
613,System.Security.Cryptography,CryptoStream
614,System.Security.Cryptography,CryptoStreamMode
615,System.Security.Cryptography,CryptographicException
616,System.Security.Cryptography,CryptographicUnexpectedOperationException
617,System.Security.Cryptography,CspParameters
618,System.Security.Cryptography,CspProviderFlags
619,System.Security.Cryptography,DES
620,System.Security.Cryptography,DESTransform
621,System.Security.Cryptography,DESCryptoServiceProvider
622,System.Security.Cryptography,DSA
623,System.Security.Cryptography,DSACryptoServiceProvider
624,System.Security.Cryptography,DSAParameters
625,System.Security.Cryptography,DSASignatureDeformatter
626,System.Security.Cryptography,DSASignatureFormatter
627,System.Security.Cryptography,DeriveBytes
628,System.Security.Cryptography,HMAC
629,System.Security.Cryptography,HMACMD5
630,System.Security.Cryptography,HMACRIPEMD160
631,System.Security.Cryptography,HMACSHA1
632,System.Security.Cryptography,HMACSHA256
633,System.Security.Cryptography,HMACSHA384
634,System.Security.Cryptography,HMACSHA512
635,System.Security.Cryptography,HashAlgorithm
636,System.Security.Cryptography,ICryptoTransform
637,System.Security.Cryptography,ICspAsymmetricAlgorithm
638,System.Security.Cryptography,KeySizes
639,System.Security.Cryptography,KeyedHashAlgorithm
640,System.Security.Cryptography,MACTripleDES
641,System.Security.Cryptography,MD5
642,System.Security.Cryptography,MD5CryptoServiceProvider
643,System.Security.Cryptography,PaddingMode
644,System.Security.Cryptography,PasswordDeriveBytes
645,System.Security.Cryptography,RC2
646,System.Security.Cryptography,RC2CryptoServiceProvider
647,System.Security.Cryptography,RC2Transform
648,System.Security.Cryptography,RIPEMD160
649,System.Security.Cryptography,RIPEMD160Managed
650,System.Security.Cryptography,RNGCryptoServiceProvider
651,System.Security.Cryptography,RSA
652,System.Security.Cryptography,RSACryptoServiceProvider
653,System.Security.Cryptography,RSAPKCS1KeyExchangeFormatter
654,System.Security.Cryptography,RSAPKCS1SignatureDeformatter
655,System.Security.Cryptography,RSAPKCS1SignatureFormatter
656,System.Security.Cryptography,RSAParameters
657,System.Security.Cryptography,RandomNumberGenerator
658,System.Security.Cryptography,Rijndael
659,System.Security.Cryptography,RijndaelManaged
660,System.Security.Cryptography,RijndaelTransform
661,System.Security.Cryptography,RijndaelManagedTransform
662,System.Security.Cryptography,SHA1
663,System.Security.Cryptography,SHA1Internal
664,System.Security.Cryptography,SHA1CryptoServiceProvider
665,System.Security.Cryptography,SHA1Managed
666,System.Security.Cryptography,SHA256
667,System.Security.Cryptography,SHA256Managed
668,System.Security.Cryptography,SHA384
669,System.Security.Cryptography,SHA384Managed
670,System.Security.Cryptography,SHA512
671,System.Security.Cryptography,SHA512Managed
672,System.Security.Cryptography,SHAConstants
673,System.Security.Cryptography,SignatureDescription
674,System.Security.Cryptography,DSASignatureDescription
675,System.Security.Cryptography,RSAPKCS1SHA1SignatureDescription
676,System.Security.Cryptography,SymmetricAlgorithm
677,System.Security.Cryptography,ToBase64Transform
678,System.Security.Cryptography,TripleDES
679,System.Security.Cryptography,TripleDESCryptoServiceProvider
680,System.Security.Cryptography,TripleDESTransform
681,System.Security.Permissions,CodeAccessSecurityAttribute
682,System.Security.Permissions,IBuiltInPermission
683,System.Security.Permissions,IUnrestrictedPermission
684,System.Security.Permissions,SecurityAction
685,System.Security.Permissions,SecurityPermission
686,System.Security.Permissions,SecurityPermissionAttribute
687,System.Security.Permissions,SecurityPermissionFlag
688,System.Security.Permissions,StrongNamePublicKeyBlob
689,System.Security.Policy,ApplicationTrust
690,System.Security.Policy,Evidence
691,,EvidenceEnumerator
692,System.Security.Policy,Hash
693,System.Security.Policy,IBuiltInEvidence
694,System.Security.Policy,IIdentityPermissionFactory
695,System.Security.Policy,StrongName
696,System.Security.Principal,IIdentity
697,System.Security.Principal,IPrincipal
698,System.Security.Principal,PrincipalPolicy
699,System.Security.Principal,WindowsAccountType
700,System.Security.Principal,WindowsIdentity
701,System.Security,AllowPartiallyTrustedCallersAttribute
702,System.Security,CodeAccessPermission
703,System.Security,IPermission
704,System.Security,ISecurityEncodable
705,System.Security,IStackWalk
706,System.Security,PermissionSet
707,System.Security,SecurityContext
708,System.Security,SecurityCriticalAttribute
709,System.Security,SecurityCriticalScope
710,System.Security,SecurityElement
711,,SecurityAttribute
712,System.Security,SecurityException
713,System.Security,RuntimeDeclSecurityEntry
714,System.Security,RuntimeSecurityFrame
715,System.Security,SecurityFrame
716,System.Security,SecurityManager
717,System.Security,SecuritySafeCriticalAttribute
718,System.Security,SuppressUnmanagedCodeSecurityAttribute
719,System.Security,UnverifiableCodeAttribute
720,System.Text,ASCIIEncoding
721,System.Text,Decoder
722,System.Text,DecoderExceptionFallback
723,System.Text,DecoderExceptionFallbackBuffer
724,System.Text,DecoderFallback
725,System.Text,DecoderFallbackBuffer
726,System.Text,DecoderFallbackException
727,System.Text,DecoderReplacementFallback
728,System.Text,DecoderReplacementFallbackBuffer
729,System.Text,EncoderExceptionFallback
730,System.Text,EncoderExceptionFallbackBuffer
731,System.Text,EncoderFallback
732,System.Text,EncoderFallbackBuffer
733,System.Text,EncoderFallbackException
734,System.Text,EncoderReplacementFallback
735,System.Text,EncoderReplacementFallbackBuffer
736,System.Text,Encoding
737,,ForwardingDecoder
738,System.Text,Latin1Encoding
739,System.Text,StringBuilder
740,System.Text,UTF32Encoding
741,,UTF32Decoder
742,System.Text,UTF7Encoding
743,,UTF7Decoder
744,System.Text,UTF8Encoding
745,,UTF8Decoder
746,System.Text,UnicodeEncoding
747,,UnicodeDecoder
748,System.Threading,CompressedStack
749,System.Threading,EventResetMode
750,System.Threading,EventWaitHandle
751,System.Threading,ExecutionContext
752,System.Threading,Interlocked
753,System.Threading,ManualResetEvent
754,System.Threading,Monitor
755,System.Threading,Mutex
756,System.Threading,NativeEventCalls
757,System.Threading,SynchronizationContext
758,System.Threading,SynchronizationLockException
759,System.Threading,Thread
760,System.Threading,ThreadAbortException
761,System.Threading,ThreadInterruptedException
762,System.Threading,ThreadPool
763,System.Threading,ThreadState
764,System.Threading,ThreadStateException
765,System.Threading,Timer
766,,TimerComparer
767,,Scheduler
768,System.Threading,WaitHandle
769,System,AccessViolationException
770,System,ActivationContext
771,System,Activator
772,System,AppDomain
773,System,AppDomainManager
774,System,AppDomainSetup
775,System,ApplicationException
776,System,ApplicationIdentity
777,System,ArgumentException
778,System,ArgumentNullException
779,System,ArgumentOutOfRangeException
780,System,ArithmeticException
781,System,ArrayTypeMismatchException
782,System,AssemblyLoadEventArgs
783,System,AttributeTargets
784,System,BitConverter
785,System,Buffer
786,System,CharEnumerator
787,System,Console
788,System,ContextBoundObject
789,System,Convert
790,System,DBNull
791,System,DateTime
792,,Which
793,System,DateTimeKind
794,System,DateTimeOffset
795,System,DateTimeUtils
796,System,DayOfWeek
797,System,DelegateData
798,System,DivideByZeroException
799,System,DllNotFoundException
800,System,EntryPointNotFoundException
801,System,MonoEnumInfo
802,,SByteComparer
803,,ShortComparer
804,,IntComparer
805,,LongComparer
806,System,Environment
807,,SpecialFolder
808,System,EventArgs
809,System,ExecutionEngineException
810,System,FieldAccessException
811,System,FlagsAttribute
812,System,FormatException
813,System,GC
814,System,Guid
815,,GuidParser
816,System,ICustomFormatter
817,System,IFormatProvider
818,System,IndexOutOfRangeException
819,System,InvalidCastException
820,System,InvalidOperationException
821,System,LoaderOptimization
822,System,LocalDataStoreSlot
823,System,Math
824,System,MemberAccessException
825,System,MethodAccessException
826,System,MissingFieldException
827,System,MissingMemberException
828,System,MissingMethodException
829,System,MonoAsyncCall
830,System,MonoCustomAttrs
831,,AttributeInfo
832,System,MonoTouchAOTHelper
833,System,MonoTypeInfo
834,System,MonoType
835,System,MulticastNotSupportedException
836,System,NonSerializedAttribute
837,System,NotImplementedException
838,System,NotSupportedException
839,System,NullReferenceException
840,System,NumberFormatter
841,,CustomInfo
842,System,ObjectDisposedException
843,System,OperatingSystem
844,System,OutOfMemoryException
845,System,OverflowException
846,System,PlatformID
847,System,PlatformNotSupportedException
848,System,RankException
849,System,ResolveEventArgs
850,System,RuntimeMethodHandle
851,System,STAThreadAttribute
852,System,StackOverflowException
853,System,StringComparer
854,System,CultureAwareComparer
855,System,OrdinalComparer
856,System,StringComparison
857,System,StringSplitOptions
858,System,SystemException
859,System,ThreadStaticAttribute
860,System,TimeSpan
861,System,TimeZone
862,System,CurrentSystemTimeZone
863,System,TypeCode
864,System,TypeInitializationException
865,System,TypeLoadException
866,System,UnauthorizedAccessException
867,System,UnhandledExceptionEventArgs
868,System,Version
869,System,WeakReference
870,Mono.Math.Prime,PrimalityTest
871,System.Reflection,MemberFilter
872,System.Reflection,TypeFilter
873,System.Runtime.Remoting.Contexts,CrossContextDelegate
874,System.Runtime.Remoting.Messaging,HeaderHandler
875,System.Threading,SendOrPostCallback
876,System.Threading,ThreadStart
877,System.Threading,TimerCallback
878,System.Threading,WaitCallback
879,System,Action`1
880,System,AppDomainInitializer
881,System,AssemblyLoadEventHandler
882,System,Comparison`1
883,System,Converter`2
884,System,EventHandler
885,System,Predicate`1
886,System,ResolveEventHandler
887,System,UnhandledExceptionEventHandler
888,,<PrivateImplementationDetails>
889,,$ArrayType$56
890,,$ArrayType$24
891,,$ArrayType$16
892,,$ArrayType$120
893,,$ArrayType$3132
894,,$ArrayType$20
895,,$ArrayType$32
896,,$ArrayType$48
897,,$ArrayType$64
898,,$ArrayType$12
899,,$ArrayType$136
900,,$ArrayType$8
901,,$ArrayType$72
902,,$ArrayType$124
903,,$ArrayType$96
904,,$ArrayType$2048
905,,$ArrayType$256
906,,$ArrayType$1024
907,,$ArrayType$640
908,,$ArrayType$128
909,,$ArrayType$52
910,System,__Il2CppComObject
911,System,__Il2CppComDelegate
912,,<Module>
913,,Locale
914,Mono.Math,BigInteger
915,,Sign
916,,ModulusRing
917,,Kernel
918,Mono.Math.Prime,ConfidenceFactor
919,Mono.Math.Prime,PrimalityTests
920,Mono.Math.Prime.Generator,PrimeGeneratorBase
921,Mono.Math.Prime.Generator,SequentialSearchPrimeGeneratorBase
922,Mono.Security,ASN1
923,Mono.Security,ASN1Convert
924,Mono.Security,BitConverterLE
925,Mono.Security,PKCS7
926,,ContentInfo
927,,EncryptedData
928,Mono.Security.Cryptography,ARC4Managed
929,Mono.Security.Cryptography,CryptoConvert
930,Mono.Security.Cryptography,KeyBuilder
931,Mono.Security.Cryptography,MD2
932,Mono.Security.Cryptography,MD2Managed
933,Mono.Security.Cryptography,MD4
934,Mono.Security.Cryptography,MD4Managed
935,Mono.Security.Cryptography,PKCS1
936,Mono.Security.Cryptography,PKCS8
937,,PrivateKeyInfo
938,,EncryptedPrivateKeyInfo
939,Mono.Security.Cryptography,RC4
940,Mono.Security.Cryptography,RSAManaged
941,,KeyGeneratedEventHandler
942,Mono.Security.X509,SafeBag
943,Mono.Security.X509,PKCS12
944,,DeriveBytes
945,Mono.Security.X509,X501
946,Mono.Security.X509,X509Certificate
947,Mono.Security.X509,X509CertificateCollection
948,,X509CertificateEnumerator
949,Mono.Security.X509,X509Chain
950,Mono.Security.X509,X509ChainStatusFlags
951,Mono.Security.X509,X509Crl
952,,X509CrlEntry
953,Mono.Security.X509,X509Extension
954,Mono.Security.X509,X509ExtensionCollection
955,Mono.Security.X509,X509Store
956,Mono.Security.X509,X509StoreManager
957,Mono.Security.X509,X509Stores
958,Mono.Security.X509.Extensions,AuthorityKeyIdentifierExtension
959,Mono.Security.X509.Extensions,BasicConstraintsExtension
960,Mono.Security.X509.Extensions,ExtendedKeyUsageExtension
961,Mono.Security.X509.Extensions,GeneralNames
962,Mono.Security.X509.Extensions,KeyUsages
963,Mono.Security.X509.Extensions,KeyUsageExtension
964,Mono.Security.X509.Extensions,NetscapeCertTypeExtension
965,,CertTypes
966,Mono.Security.X509.Extensions,SubjectAltNameExtension
967,Mono.Security.Cryptography,HMAC
968,Mono.Security.Cryptography,MD5SHA1
969,Mono.Security.Protocol.Tls,AlertLevel
970,Mono.Security.Protocol.Tls,AlertDescription
971,Mono.Security.Protocol.Tls,Alert
972,Mono.Security.Protocol.Tls,CipherAlgorithmType
973,Mono.Security.Protocol.Tls,CipherSuite
974,Mono.Security.Protocol.Tls,CipherSuiteCollection
975,Mono.Security.Protocol.Tls,CipherSuiteFactory
976,Mono.Security.Protocol.Tls,ClientContext
977,Mono.Security.Protocol.Tls,ClientRecordProtocol
978,Mono.Security.Protocol.Tls,ClientSessionInfo
979,Mono.Security.Protocol.Tls,ClientSessionCache
980,Mono.Security.Protocol.Tls,ContentType
981,Mono.Security.Protocol.Tls,Context
982,Mono.Security.Protocol.Tls,ExchangeAlgorithmType
983,Mono.Security.Protocol.Tls,HandshakeState
984,Mono.Security.Protocol.Tls,HashAlgorithmType
985,Mono.Security.Protocol.Tls,HttpsClientStream
986,Mono.Security.Protocol.Tls,RecordProtocol
987,,ReceiveRecordAsyncResult
988,,SendRecordAsyncResult
989,Mono.Security.Protocol.Tls,RSASslSignatureDeformatter
990,Mono.Security.Protocol.Tls,RSASslSignatureFormatter
991,Mono.Security.Protocol.Tls,SecurityCompressionType
992,Mono.Security.Protocol.Tls,SecurityParameters
993,Mono.Security.Protocol.Tls,SecurityProtocolType
994,Mono.Security.Protocol.Tls,ServerContext
995,Mono.Security.Protocol.Tls,ValidationResult
996,Mono.Security.Protocol.Tls,SslClientStream
997,Mono.Security.Protocol.Tls,SslCipherSuite
998,Mono.Security.Protocol.Tls,SslHandshakeHash
999,Mono.Security.Protocol.Tls,SslStreamBase
1000,,InternalAsyncResult
1001,Mono.Security.Protocol.Tls,TlsCipherSuite
1002,Mono.Security.Protocol.Tls,TlsClientSettings
1003,Mono.Security.Protocol.Tls,TlsException
1004,Mono.Security.Protocol.Tls,TlsServerSettings
1005,Mono.Security.Protocol.Tls,TlsStream
1006,Mono.Security.Protocol.Tls.Handshake,ClientCertificateType
1007,Mono.Security.Protocol.Tls.Handshake,HandshakeMessage
1008,Mono.Security.Protocol.Tls.Handshake,HandshakeType
1009,Mono.Security.Protocol.Tls.Handshake.Client,TlsClientCertificate
1010,Mono.Security.Protocol.Tls.Handshake.Client,TlsClientCertificateVerify
1011,Mono.Security.Protocol.Tls.Handshake.Client,TlsClientFinished
1012,Mono.Security.Protocol.Tls.Handshake.Client,TlsClientHello
1013,Mono.Security.Protocol.Tls.Handshake.Client,TlsClientKeyExchange
1014,Mono.Security.Protocol.Tls.Handshake.Client,TlsServerCertificate
1015,Mono.Security.Protocol.Tls.Handshake.Client,TlsServerCertificateRequest
1016,Mono.Security.Protocol.Tls.Handshake.Client,TlsServerFinished
1017,Mono.Security.Protocol.Tls.Handshake.Client,TlsServerHello
1018,Mono.Security.Protocol.Tls.Handshake.Client,TlsServerHelloDone
1019,Mono.Security.Protocol.Tls.Handshake.Client,TlsServerKeyExchange
1020,Mono.Math.Prime,PrimalityTest
1021,Mono.Security.Protocol.Tls,CertificateValidationCallback
1022,Mono.Security.Protocol.Tls,CertificateValidationCallback2
1023,Mono.Security.Protocol.Tls,CertificateSelectionCallback
1024,Mono.Security.Protocol.Tls,PrivateKeySelectionCallback
1025,,<PrivateImplementationDetails>
1026,,$ArrayType$3132
1027,,$ArrayType$256
1028,,$ArrayType$20
1029,,$ArrayType$32
1030,,$ArrayType$48
1031,,$ArrayType$64
1032,,$ArrayType$12
1033,,$ArrayType$16
1034,,$ArrayType$4
1035,,<Module>
1036,,Locale
1037,System,MonoTODOAttribute
1038,System.Collections.Generic,Queue`1
1039,,Enumerator
1040,System.Collections.Generic,Stack`1
1041,,Enumerator
1042,System.Collections.Specialized,HybridDictionary
1043,System.Collections.Specialized,ListDictionary
1044,,DictionaryNode
1045,,DictionaryNodeEnumerator
1046,System.Collections.Specialized,NameObjectCollectionBase
1047,,_Item
1048,,_KeysEnumerator
1049,,KeysCollection
1050,System.Collections.Specialized,NameValueCollection
1051,System.ComponentModel,EditorBrowsableAttribute
1052,System.ComponentModel,EditorBrowsableState
1053,System.ComponentModel,TypeConverter
1054,System.ComponentModel,TypeConverterAttribute
1055,System.Net.Security,AuthenticationLevel
1056,System.Net.Security,SslPolicyErrors
1057,System.Net.Sockets,AddressFamily
1058,System.Net,DefaultCertificatePolicy
1059,System.Net,FileWebRequest
1060,System.Net,FileWebRequestCreator
1061,System.Net,FtpRequestCreator
1062,System.Net,FtpWebRequest
1063,System.Net,GlobalProxySelection
1064,System.Net,HttpRequestCreator
1065,System.Net,HttpVersion
1066,System.Net,HttpWebRequest
1067,System.Net,ICertificatePolicy
1068,System.Net,ICredentials
1069,System.Net,IPAddress
1070,System.Net,IPv6Address
1071,System.Net,IWebProxy
1072,System.Net,IWebRequestCreate
1073,System.Net,SecurityProtocolType
1074,System.Net,ServicePoint
1075,System.Net,ServicePointManager
1076,,SPKey
1077,System.Net,WebHeaderCollection
1078,System.Net,WebProxy
1079,System.Net,WebRequest
1080,System.Security.Cryptography.X509Certificates,OpenFlags
1081,System.Security.Cryptography.X509Certificates,PublicKey
1082,System.Security.Cryptography.X509Certificates,StoreLocation
1083,System.Security.Cryptography.X509Certificates,StoreName
1084,System.Security.Cryptography.X509Certificates,X500DistinguishedName
1085,System.Security.Cryptography.X509Certificates,X500DistinguishedNameFlags
1086,System.Security.Cryptography.X509Certificates,X509BasicConstraintsExtension
1087,System.Security.Cryptography.X509Certificates,X509Certificate2
1088,System.Security.Cryptography.X509Certificates,X509Certificate2Collection
1089,System.Security.Cryptography.X509Certificates,X509Certificate2Enumerator
1090,System.Security.Cryptography.X509Certificates,X509CertificateCollection
1091,,X509CertificateEnumerator
1092,System.Security.Cryptography.X509Certificates,X509Chain
1093,System.Security.Cryptography.X509Certificates,X509ChainElement
1094,System.Security.Cryptography.X509Certificates,X509ChainElementCollection
1095,System.Security.Cryptography.X509Certificates,X509ChainElementEnumerator
1096,System.Security.Cryptography.X509Certificates,X509ChainPolicy
1097,System.Security.Cryptography.X509Certificates,X509ChainStatus
1098,System.Security.Cryptography.X509Certificates,X509ChainStatusFlags
1099,System.Security.Cryptography.X509Certificates,X509EnhancedKeyUsageExtension
1100,System.Security.Cryptography.X509Certificates,X509Extension
1101,System.Security.Cryptography.X509Certificates,X509ExtensionCollection
1102,System.Security.Cryptography.X509Certificates,X509ExtensionEnumerator
1103,System.Security.Cryptography.X509Certificates,X509FindType
1104,System.Security.Cryptography.X509Certificates,X509KeyUsageExtension
1105,System.Security.Cryptography.X509Certificates,X509KeyUsageFlags
1106,System.Security.Cryptography.X509Certificates,X509NameType
1107,System.Security.Cryptography.X509Certificates,X509RevocationFlag
1108,System.Security.Cryptography.X509Certificates,X509RevocationMode
1109,System.Security.Cryptography.X509Certificates,X509Store
1110,System.Security.Cryptography.X509Certificates,X509SubjectKeyIdentifierExtension
1111,System.Security.Cryptography.X509Certificates,X509SubjectKeyIdentifierHashAlgorithm
1112,System.Security.Cryptography.X509Certificates,X509VerificationFlags
1113,System.Security.Cryptography,AsnDecodeStatus
1114,System.Security.Cryptography,AsnEncodedData
1115,System.Security.Cryptography,Oid
1116,System.Security.Cryptography,OidCollection
1117,System.Security.Cryptography,OidEnumerator
1118,System.Text.RegularExpressions,BaseMachine
1119,System.Text.RegularExpressions,Capture
1120,System.Text.RegularExpressions,CaptureCollection
1121,System.Text.RegularExpressions,Group
1122,System.Text.RegularExpressions,GroupCollection
1123,System.Text.RegularExpressions,Match
1124,System.Text.RegularExpressions,MatchCollection
1125,,Enumerator
1126,System.Text.RegularExpressions,Regex
1127,System.Text.RegularExpressions,RegexOptions
1128,System.Text.RegularExpressions,OpCode
1129,System.Text.RegularExpressions,OpFlags
1130,System.Text.RegularExpressions,Position
1131,System.Text.RegularExpressions,IMachine
1132,System.Text.RegularExpressions,IMachineFactory
1133,System.Text.RegularExpressions,FactoryCache
1134,,Key
1135,System.Text.RegularExpressions,MRUList
1136,,Node
1137,System.Text.RegularExpressions,Category
1138,System.Text.RegularExpressions,CategoryUtils
1139,System.Text.RegularExpressions,LinkRef
1140,System.Text.RegularExpressions,ICompiler
1141,System.Text.RegularExpressions,InterpreterFactory
1142,System.Text.RegularExpressions,PatternCompiler
1143,,PatternLinkStack
1144,,Link
1145,System.Text.RegularExpressions,LinkStack
1146,System.Text.RegularExpressions,Mark
1147,System.Text.RegularExpressions,Interpreter
1148,,IntStack
1149,,RepeatContext
1150,,Mode
1151,System.Text.RegularExpressions,Interval
1152,System.Text.RegularExpressions,IntervalCollection
1153,,Enumerator
1154,,CostDelegate
1155,System.Text.RegularExpressions.Syntax,Parser
1156,System.Text.RegularExpressions,QuickSearch
1157,System.Text.RegularExpressions.Syntax,ExpressionCollection
1158,System.Text.RegularExpressions.Syntax,Expression
1159,System.Text.RegularExpressions.Syntax,CompositeExpression
1160,System.Text.RegularExpressions.Syntax,Group
1161,System.Text.RegularExpressions.Syntax,RegularExpression
1162,System.Text.RegularExpressions.Syntax,CapturingGroup
1163,System.Text.RegularExpressions.Syntax,BalancingGroup
1164,System.Text.RegularExpressions.Syntax,NonBacktrackingGroup
1165,System.Text.RegularExpressions.Syntax,Repetition
1166,System.Text.RegularExpressions.Syntax,Assertion
1167,System.Text.RegularExpressions.Syntax,CaptureAssertion
1168,System.Text.RegularExpressions.Syntax,ExpressionAssertion
1169,System.Text.RegularExpressions.Syntax,Alternation
1170,System.Text.RegularExpressions.Syntax,Literal
1171,System.Text.RegularExpressions.Syntax,PositionAssertion
1172,System.Text.RegularExpressions.Syntax,Reference
1173,System.Text.RegularExpressions.Syntax,BackslashNumber
1174,System.Text.RegularExpressions.Syntax,CharacterClass
1175,System.Text.RegularExpressions.Syntax,AnchorInfo
1176,System,DefaultUriParser
1177,System,GenericUriParser
1178,System,Uri
1179,,UriScheme
1180,System,UriFormatException
1181,System,UriHostNameType
1182,System,UriKind
1183,System,UriParser
1184,System,UriPartial
1185,System,UriTypeConverter
1186,System.Net.Security,RemoteCertificateValidationCallback
1187,,<PrivateImplementationDetails>
1188,,$ArrayType$128
1189,,$ArrayType$12
1190,,<Module>
1191,System.Runtime.CompilerServices,ExtensionAttribute
1192,,Locale
1193,System,MonoTODOAttribute
1194,Mono.Security.Cryptography,KeyBuilder
1195,Mono.Security.Cryptography,SymmetricTransform
1196,System.Collections.Generic,HashSet`1
1197,,Link
1198,,Enumerator
1199,,PrimeHelper
1200,System.Linq,Check
1201,System.Linq,Enumerable
1202,,<CreateWhereIterator>c__Iterator1D`1
1203,System.Linq,IOrderedEnumerable`1
1204,System.Linq,OrderedEnumerable`1
1205,System.Linq,OrderedSequence`2
1206,System.Linq,QuickSort`1
1207,,<Sort>c__Iterator21
1208,System.Linq,SortContext`1
1209,System.Linq,SortDirection
1210,System.Linq,SortSequenceContext`2
1211,System.Security.Cryptography,Aes
1212,System.Security.Cryptography,AesManaged
1213,System.Security.Cryptography,AesTransform
1214,System,Action
1215,System,Action`2
1216,System,Func`2
1217,System,Func`3
1218,,<PrivateImplementationDetails>
1219,,$ArrayType$136
1220,,$ArrayType$120
1221,,$ArrayType$256
1222,,$ArrayType$1024
1223,,<Module>
1224,UnityEngine,Application
1225,,LowMemoryCallback
1226,,LogCallback
1227,UnityEngine,AssetBundleCreateRequest
1228,UnityEngine,AssetBundleRequest
1229,UnityEngine,AsyncOperation
1230,UnityEngine,SystemInfo
1231,UnityEngine,WaitForSeconds
1232,UnityEngine,WaitForFixedUpdate
1233,UnityEngine,WaitForEndOfFrame
1234,UnityEngine,CustomYieldInstruction
1235,UnityEngine,Coroutine
1236,UnityEngine,ScriptableObject
1237,UnityEngine,FailedToLoadScriptObject
1238,UnityEngine,Behaviour
1239,UnityEngine,Camera
1240,,CameraCallback
1241,UnityEngine,Component
1242,UnityEngine,CullingGroupEvent
1243,UnityEngine,CullingGroup
1244,,StateChanged
1245,UnityEngine,CursorLockMode
1246,UnityEngine,Cursor
1247,UnityEngine,DebugLogHandler
1248,UnityEngine,Debug
1249,UnityEngine,Display
1250,,DisplaysUpdatedDelegate
1251,UnityEngine,GameObject
1252,UnityEngine,Gradient
1253,UnityEngine,Renderer
1254,UnityEngine,Screen
1255,UnityEngine,RectOffset
1256,UnityEngine,GUIElement
1257,UnityEngine,GUILayer
1258,UnityEngine,TouchScreenKeyboard
1259,UnityEngine,TouchPhase
1260,UnityEngine,IMECompositionMode
1261,UnityEngine,TouchType
1262,UnityEngine,Touch
1263,UnityEngine,Gyroscope
1264,UnityEngine,Input
1265,UnityEngine,LayerMask
1266,UnityEngine,Vector3
1267,UnityEngine,Quaternion
1268,UnityEngine,Matrix4x4
1269,UnityEngine,Bounds
1270,UnityEngine,Mathf
1271,UnityEngine,Keyframe
1272,UnityEngine,AnimationCurve
1273,UnityEngine,Mesh
1274,,InternalShaderChannel
1275,,InternalVertexChannelType
1276,UnityEngine,MonoBehaviour
1277,UnityEngine,PlayerPrefsException
1278,UnityEngine,PlayerPrefs
1279,UnityEngine,Random
1280,UnityEngine,ResourceRequest
1281,UnityEngine,Resources
1282,UnityEngine,Shader
1283,UnityEngine,Material
1284,UnityEngine,SortingLayer
1285,UnityEngine,Sprite
1286,UnityEngine,SpriteRenderer
1287,UnityEngine.Sprites,DataUtility
1288,UnityEngine,Texture
1289,UnityEngine,Texture2D
1290,UnityEngine,RenderTexture
1291,UnityEngine,Time
1292,UnityEngine,HideFlags
1293,UnityEngine,Object
1294,UnityEngine,YieldInstruction
1295,UnityEngine.Playables,PlayableHandle
1296,UnityEngine.Playables,Playable
1297,UnityEngine.Playables,DataStreamType
1298,UnityEngine.Playables,PlayableGraph
1299,UnityEngine.Playables,PlayableOutputHandle
1300,UnityEngine.Playables,PlayableOutput
1301,UnityEngine.SceneManagement,Scene
1302,UnityEngine.SceneManagement,LoadSceneMode
1303,UnityEngine.SceneManagement,SceneManager
1304,UnityEngine.Experimental.Rendering,ScriptableRenderContext
1305,UnityEngine,Transform
1306,,Enumerator
1307,UnityEngine,DrivenTransformProperties
1308,UnityEngine,DrivenRectTransformTracker
1309,UnityEngine,RectTransform
1310,,ReapplyDrivenProperties
1311,,Edge
1312,,Axis
1313,UnityEngine.U2D,SpriteAtlasManager
1314,,RequestAtlasCallback
1315,UnityEngine.U2D,SpriteAtlas
1316,UnityEngine,AttributeHelperEngine
1317,UnityEngine,DisallowMultipleComponent
1318,UnityEngine,RequireComponent
1319,UnityEngine,AddComponentMenu
1320,UnityEngine,ContextMenu
1321,UnityEngine,ExecuteInEditMode
1322,UnityEngine,DefaultExecutionOrder
1323,UnityEngine,IL2CPPStructAlignmentAttribute
1324,UnityEngine,NativeClassAttribute
1325,UnityEngine,AssemblyIsEditorAssembly
1326,UnityEngine,WritableAttribute
1327,UnityEngine.Scripting,GeneratedByOldBindingsGeneratorAttribute
1328,UnityEngine,SendMessageOptions
1329,UnityEngine,RuntimePlatform
1330,UnityEngine,OperatingSystemFamily
1331,UnityEngine,LogType
1332,UnityEngine,ClassLibraryInitializer
1333,UnityEngine,Color
1334,UnityEngine,Color32
1335,UnityEngine,SetupCoroutine
1336,UnityEngine,CameraClearFlags
1337,UnityEngine,TextureWrapMode
1338,UnityEngine.Rendering,CompareFunction
1339,UnityEngine.Rendering,ColorWriteMask
1340,UnityEngine.Rendering,StencilOp
1341,UnityEngine,KeyCode
1342,UnityEngine,ManagedStreamHelpers
1343,UnityEngineInternal,MathfInternal
1344,UnityEngineInternal,ScriptingUtils
1345,UnityEngine,SendMouseEvents
1346,,HitInfo
1347,UnityEngine,Plane
1348,UnityEngine,PropertyAttribute
1349,UnityEngine,TooltipAttribute
1350,UnityEngine,SpaceAttribute
1351,UnityEngine,RangeAttribute
1352,UnityEngine,TextAreaAttribute
1353,UnityEngine,PropertyNameUtils
1354,UnityEngine,PropertyName
1355,UnityEngine,RangeInt
1356,UnityEngine,Ray
1357,UnityEngine,Rect
1358,UnityEngine,SelectionBaseAttribute
1359,UnityEngine,SerializePrivateVariables
1360,UnityEngine,SerializeField
1361,UnityEngine,PreferBinarySerialization
1362,UnityEngine,ISerializationCallbackReceiver
1363,UnityEngine,StackTraceUtility
1364,UnityEngine,UnityException
1365,UnityEngine,TouchScreenKeyboardType
1366,UnityEngine,TrackedReference
1367,UnityEngine.Events,PersistentListenerMode
1368,UnityEngine.Events,ArgumentCache
1369,UnityEngine.Events,BaseInvokableCall
1370,UnityEngine.Events,InvokableCall
1371,UnityEngine.Events,InvokableCall`1
1372,UnityEngine.Events,InvokableCall`2
1373,UnityEngine.Events,InvokableCall`3
1374,UnityEngine.Events,InvokableCall`4
1375,UnityEngine.Events,CachedInvokableCall`1
1376,UnityEngine.Events,UnityEventCallState
1377,UnityEngine.Events,PersistentCall
1378,UnityEngine.Events,PersistentCallGroup
1379,UnityEngine.Events,InvokableCallList
1380,UnityEngine.Events,UnityEventBase
1381,UnityEngine.Events,UnityAction
1382,UnityEngine.Events,UnityEvent
1383,UnityEngine.Events,UnityAction`1
1384,UnityEngine.Events,UnityEvent`1
1385,UnityEngine.Events,UnityAction`2
1386,UnityEngine.Events,UnityEvent`2
1387,UnityEngine.Events,UnityAction`3
1388,UnityEngine.Events,UnityEvent`3
1389,UnityEngine.Events,UnityAction`4
1390,UnityEngine.Events,UnityEvent`4
1391,UnityEngine,UnityString
1392,UnityEngine,UnitySynchronizationContext
1393,,WorkRequest
1394,UnityEngine,Vector2
1395,UnityEngine,Vector4
1396,UnityEngine,WaitForSecondsRealtime
1397,UnityEngine.Bindings,IBindingsAttribute
1398,UnityEngine.Bindings,UnmarshalledAttribute
1399,UnityEngine,ThreadAndSerializationSafeAttribute
1400,UnityEngine.Collections,ReadOnlyAttribute
1401,UnityEngine.Collections,ReadWriteAttribute
1402,UnityEngine.Collections,WriteOnlyAttribute
1403,UnityEngine.Collections,DeallocateOnJobCompletionAttribute
1404,UnityEngine.Collections,NativeContainerAttribute
1405,UnityEngine.Collections,NativeContainerSupportsAtomicWriteAttribute
1406,UnityEngine.Collections,NativeContainerSupportsMinMaxWriteRestrictionAttribute
1407,UnityEngine.Playables,IPlayable
1408,UnityEngine.Playables,IPlayableBehaviour
1409,UnityEngine.Playables,IPlayableOutput
1410,UnityEngine.Playables,PlayableBinding
1411,UnityEngine.Playables,IPlayableAsset
1412,UnityEngine.Playables,PlayableAsset
1413,UnityEngine.Playables,PlayableBehaviour
1414,UnityEngine.Playables,ScriptPlayableOutput
1415,UnityEngine.Internal,DefaultValueAttribute
1416,UnityEngine.Internal,ExcludeFromDocsAttribute
1417,UnityEngine,ILogger
1418,UnityEngine,ILogHandler
1419,UnityEngine,Logger
1420,UnityEngine.Networking.PlayerConnection,MessageEventArgs
1421,UnityEngine.Networking.PlayerConnection,IEditorPlayerConnection
1422,UnityEngine.Networking.PlayerConnection,PlayerConnection
1423,UnityEngine.Networking.PlayerConnection,PlayerEditorConnectionEvents
1424,,MessageEvent
1425,,ConnectionChangeEvent
1426,,MessageTypeSubscribers
1427,,<InvokeMessageIdSubscribers>c__AnonStorey0
1428,UnityEngine.Experimental.Rendering,IRenderPipeline
1429,UnityEngine.Experimental.Rendering,IRenderPipelineAsset
1430,UnityEngine.Experimental.Rendering,RenderPipelineManager
1431,UnityEngine.Scripting,UsedByNativeCodeAttribute
1432,UnityEngine.Scripting,RequiredByNativeCodeAttribute
1433,UnityEngine.Serialization,FormerlySerializedAsAttribute
1434,UnityEngineInternal,TypeInferenceRules
1435,UnityEngineInternal,TypeInferenceRuleAttribute
1436,UnityEngineInternal,GenericStack
1437,UnityEngineInternal,NetFxCoreExtensions
1438,UnityEngine.CSSLayout,CSSMeasureFunc
1439,UnityEngine.CSSLayout,CSSMeasureMode
1440,UnityEngine.CSSLayout,CSSSize
1441,UnityEngine.CSSLayout,Native
1442,,<Module>
1443,UnityEngine,Physics2D
1444,UnityEngine,ContactFilter2D
1445,UnityEngine,Rigidbody2D
1446,UnityEngine,Collider2D
1447,UnityEngine,BoxCollider2D
1448,UnityEngine,ContactPoint2D
1449,UnityEngine,Collision2D
1450,UnityEngine,RaycastHit2D
1451,,<Module>
1452,UnityEngine,TextAnchor
1453,UnityEngine,HorizontalWrapMode
1454,UnityEngine,VerticalWrapMode
1455,UnityEngine,Font
1456,,FontTextureRebuildCallback
1457,UnityEngine,UICharInfo
1458,UnityEngine,UILineInfo
1459,UnityEngine,UIVertex
1460,UnityEngine,TextGenerator
1461,UnityEngine,FontStyle
1462,UnityEngine,TextGenerationError
1463,UnityEngine,TextGenerationSettings
1464,,<Module>
1465,UnityEngine.Animations,AnimationClipPlayable
1466,UnityEngine.Animations,AnimationLayerMixerPlayable
1467,UnityEngine.Animations,AnimationMixerPlayable
1468,UnityEngine.Animations,AnimationOffsetPlayable
1469,UnityEngine.Animations,AnimationPlayableOutput
1470,UnityEngine,AnimationEventSource
1471,UnityEngine,AnimationEvent
1472,UnityEngine,AnimationState
1473,UnityEngine,AnimatorClipInfo
1474,UnityEngine,AnimatorStateInfo
1475,UnityEngine,AnimatorTransitionInfo
1476,UnityEngine,Animator
1477,UnityEngine.Animations,AnimatorControllerPlayable
1478,UnityEngine,SkeletonBone
1479,UnityEngine,HumanLimit
1480,UnityEngine,HumanBone
1481,UnityEngine,SharedBetweenAnimatorsAttribute
1482,UnityEngine,StateMachineBehaviour
1483,,<Module>
1484,UnityEngine,AudioSettings
1485,,AudioConfigurationChangeHandler
1486,UnityEngine,AudioExtensionManager
1487,UnityEngine,AudioClip
1488,,PCMReaderCallback
1489,,PCMSetPositionCallback
1490,UnityEngine,AudioListener
1491,UnityEngine,AudioSource
1492,UnityEngine.Audio,AudioMixerPlayable
1493,UnityEngine.Audio,AudioClipPlayable
1494,UnityEngine.Audio,AudioPlayableOutput
1495,UnityEngine,AudioExtensionDefinition
1496,UnityEngine,AudioSpatializerExtensionDefinition
1497,UnityEngine,AudioAmbisonicExtensionDefinition
1498,UnityEngine,AudioListenerExtension
1499,UnityEngine,AudioSourceExtension
1500,,<Module>
1501,UnityEngine,Event
1502,UnityEngine,GUI
1503,,WindowFunction
1504,UnityEngine,GUILayoutUtility
1505,,LayoutCache
1506,UnityEngine,GUISettings
1507,UnityEngine,GUIStyleState
1508,UnityEngine,GUIStyle
1509,UnityEngine,GUIUtility
1510,UnityEngine,EventType
1511,UnityEngine,EventModifiers
1512,UnityEngine,GUIContent
1513,UnityEngine,GUILayout
1514,UnityEngine,GUILayoutOption
1515,,Type
1516,UnityEngine,GUILayoutGroup
1517,UnityEngine,GUIScrollGroup
1518,UnityEngine,GUILayoutEntry
1519,UnityEngine,GUISkin
1520,,SkinChangedDelegate
1521,UnityEngine,GUITargetAttribute
1522,UnityEngine,ExitGUIException
1523,UnityEngine,ScrollViewState
1524,UnityEngine,SliderState
1525,UnityEngine,TextEditor
1526,,DblClickSnapping
1527,,<Module>
1528,UnityEngine,Physics
1529,UnityEngine,Collider
1530,UnityEngine,RaycastHit
1531,,<Module>
1532,UnityEngine.Tilemaps,TileFlags
1533,UnityEngine.Tilemaps,Tile
1534,,ColliderType
1535,UnityEngine.Tilemaps,TileBase
1536,,<Module>
1537,UnityEngine,RenderMode
1538,UnityEngine,Canvas
1539,,WillRenderCanvases
1540,UnityEngine,UISystemProfilerApi
1541,,SampleType
1542,UnityEngine,ICanvasRaycastFilter
1543,UnityEngine,CanvasGroup
1544,UnityEngine,CanvasRenderer
1545,UnityEngine,RectTransformUtility
1546,,<Module>
1547,UnityEngine,RemoteSettings
1548,,UpdatedEventHandler
1549,UnityEngine.Analytics,AnalyticsSessionState
1550,UnityEngine.Analytics,AnalyticsSessionInfo
1551,,SessionStateChanged
1552,,<Module>
1553,UnityEngineInternal,WebRequestUtils
1554,,<Module>
1555,,<Module>
1556,UnityEngine.EventSystems,EventHandle
1557,UnityEngine.EventSystems,IEventSystemHandler
1558,UnityEngine.EventSystems,IPointerEnterHandler
1559,UnityEngine.EventSystems,IPointerExitHandler
1560,UnityEngine.EventSystems,IPointerDownHandler
1561,UnityEngine.EventSystems,IPointerUpHandler
1562,UnityEngine.EventSystems,IPointerClickHandler
1563,UnityEngine.EventSystems,IBeginDragHandler
1564,UnityEngine.EventSystems,IInitializePotentialDragHandler
1565,UnityEngine.EventSystems,IDragHandler
1566,UnityEngine.EventSystems,IEndDragHandler
1567,UnityEngine.EventSystems,IDropHandler
1568,UnityEngine.EventSystems,IScrollHandler
1569,UnityEngine.EventSystems,IUpdateSelectedHandler
1570,UnityEngine.EventSystems,ISelectHandler
1571,UnityEngine.EventSystems,IDeselectHandler
1572,UnityEngine.EventSystems,IMoveHandler
1573,UnityEngine.EventSystems,ISubmitHandler
1574,UnityEngine.EventSystems,ICancelHandler
1575,UnityEngine.EventSystems,EventSystem
1576,UnityEngine.EventSystems,EventTrigger
1577,,TriggerEvent
1578,,Entry
1579,UnityEngine.EventSystems,EventTriggerType
1580,UnityEngine.EventSystems,ExecuteEvents
1581,,EventFunction`1
1582,UnityEngine.EventSystems,MoveDirection
1583,UnityEngine.EventSystems,RaycasterManager
1584,UnityEngine.EventSystems,RaycastResult
1585,UnityEngine.EventSystems,UIBehaviour
1586,UnityEngine.EventSystems,AxisEventData
1587,UnityEngine.EventSystems,AbstractEventData
1588,UnityEngine.EventSystems,BaseEventData
1589,UnityEngine.EventSystems,PointerEventData
1590,,InputButton
1591,,FramePressState
1592,UnityEngine.EventSystems,BaseInput
1593,UnityEngine.EventSystems,BaseInputModule
1594,UnityEngine.EventSystems,PointerInputModule
1595,,ButtonState
1596,,MouseState
1597,,MouseButtonEventData
1598,UnityEngine.EventSystems,StandaloneInputModule
1599,,InputMode
1600,UnityEngine.EventSystems,TouchInputModule
1601,UnityEngine.EventSystems,BaseRaycaster
1602,UnityEngine.EventSystems,Physics2DRaycaster
1603,UnityEngine.EventSystems,PhysicsRaycaster
1604,UnityEngine.UI.CoroutineTween,ITweenValue
1605,UnityEngine.UI.CoroutineTween,ColorTween
1606,,ColorTweenMode
1607,,ColorTweenCallback
1608,UnityEngine.UI.CoroutineTween,FloatTween
1609,,FloatTweenCallback
1610,UnityEngine.UI.CoroutineTween,TweenRunner`1
1611,,<Start>c__Iterator0
1612,UnityEngine.UI,AnimationTriggers
1613,UnityEngine.UI,Button
1614,,ButtonClickedEvent
1615,,<OnFinishSubmit>c__Iterator0
1616,UnityEngine.UI,CanvasUpdate
1617,UnityEngine.UI,ICanvasElement
1618,UnityEngine.UI,CanvasUpdateRegistry
1619,UnityEngine.UI,ColorBlock
1620,UnityEngine.UI,DefaultControls
1621,,Resources
1622,UnityEngine.UI,Dropdown
1623,,DropdownItem
1624,,OptionData
1625,,OptionDataList
1626,,DropdownEvent
1627,,<Show>c__AnonStorey1
1628,,<DelayedDestroyDropdownList>c__Iterator0
1629,UnityEngine.UI,FontData
1630,UnityEngine.UI,FontUpdateTracker
1631,UnityEngine.UI,Graphic
1632,UnityEngine.UI,GraphicRaycaster
1633,,BlockingObjects
1634,UnityEngine.UI,GraphicRegistry
1635,UnityEngine.UI,IGraphicEnabledDisabled
1636,UnityEngine.UI,Image
1637,,Type
1638,,FillMethod
1639,,OriginHorizontal
1640,,OriginVertical
1641,,Origin90
1642,,Origin180
1643,,Origin360
1644,UnityEngine.UI,IMask
1645,UnityEngine.UI,IMaskable
1646,UnityEngine.UI,InputField
1647,,ContentType
1648,,InputType
1649,,CharacterValidation
1650,,LineType
1651,,OnValidateInput
1652,,SubmitEvent
1653,,OnChangeEvent
1654,,EditState
1655,,<CaretBlink>c__Iterator0
1656,,<MouseDragOutsideRect>c__Iterator1
1657,UnityEngine.UI,Mask
1658,UnityEngine.UI,MaskableGraphic
1659,,CullStateChangedEvent
1660,UnityEngine.UI,MaskUtilities
1661,UnityEngine.UI,Misc
1662,UnityEngine.UI,Navigation
1663,,Mode
1664,UnityEngine.UI,RawImage
1665,UnityEngine.UI,RectMask2D
1666,UnityEngine.UI,Scrollbar
1667,,Direction
1668,,ScrollEvent
1669,,Axis
1670,,<ClickRepeat>c__Iterator0
1671,UnityEngine.UI,ScrollRect
1672,,MovementType
1673,,ScrollbarVisibility
1674,,ScrollRectEvent
1675,UnityEngine.UI,Selectable
1676,,Transition
1677,,SelectionState
1678,UnityEngine.UI,SetPropertyUtility
1679,UnityEngine.UI,Slider
1680,,Direction
1681,,SliderEvent
1682,,Axis
1683,UnityEngine.UI,SpriteState
1684,UnityEngine.UI,StencilMaterial
1685,,MatEntry
1686,UnityEngine.UI,Text
1687,UnityEngine.UI,Toggle
1688,,ToggleTransition
1689,,ToggleEvent
1690,UnityEngine.UI,ToggleGroup
1691,UnityEngine.UI,ClipperRegistry
1692,UnityEngine.UI,Clipping
1693,UnityEngine.UI,IClipper
1694,UnityEngine.UI,IClippable
1695,UnityEngine.UI,RectangularVertexClipper
1696,UnityEngine.UI,AspectRatioFitter
1697,,AspectMode
1698,UnityEngine.UI,CanvasScaler
1699,,ScaleMode
1700,,ScreenMatchMode
1701,,Unit
1702,UnityEngine.UI,ContentSizeFitter
1703,,FitMode
1704,UnityEngine.UI,GridLayoutGroup
1705,,Corner
1706,,Axis
1707,,Constraint
1708,UnityEngine.UI,HorizontalLayoutGroup
1709,UnityEngine.UI,HorizontalOrVerticalLayoutGroup
1710,UnityEngine.UI,ILayoutElement
1711,UnityEngine.UI,ILayoutController
1712,UnityEngine.UI,ILayoutGroup
1713,UnityEngine.UI,ILayoutSelfController
1714,UnityEngine.UI,ILayoutIgnorer
1715,UnityEngine.UI,LayoutElement
1716,UnityEngine.UI,LayoutGroup
1717,,<DelayedSetDirty>c__Iterator0
1718,UnityEngine.UI,LayoutRebuilder
1719,UnityEngine.UI,LayoutUtility
1720,UnityEngine.UI,VerticalLayoutGroup
1721,UnityEngine.UI,IMaterialModifier
1722,UnityEngine.UI.Collections,IndexedSet`1
1723,UnityEngine.UI,ListPool`1
1724,UnityEngine.UI,ObjectPool`1
1725,UnityEngine.UI,ReflectionMethodsCache
1726,,Raycast3DCallback
1727,,Raycast2DCallback
1728,,RaycastAllCallback
1729,,GetRayIntersectionAllCallback
1730,,GetRayIntersectionAllNonAllocCallback
1731,,GetRaycastNonAllocCallback
1732,UnityEngine.UI,VertexHelper
1733,UnityEngine.UI,BaseVertexEffect
1734,UnityEngine.UI,BaseMeshEffect
1735,UnityEngine.UI,IVertexModifier
1736,UnityEngine.UI,IMeshModifier
1737,UnityEngine.UI,Outline
1738,UnityEngine.UI,PositionAsUV1
1739,UnityEngine.UI,Shadow
1740,,<PrivateImplementationDetails>
1741,,$ArrayType=12
1742,,<Module>
1743,,BarWithLabel
1744,,Button
1745,,BuyableComponent
1746,,ExchangeType
1747,,ComponentCategory
1748,,ComponentType
1749,,Cores
1750,,FuelCellData
1751,,HeatManagementData
1752,,ComponentTypes
1753,,Helper
1754,,FuelCellTemplate
1755,,Content
1756,,MenuState
1757,,Controller
1758,,RijndaelSimple
1759,,Explosion
1760,,HelpElement
1761,,InfoBanner
1762,,Legacy
1763,,PlayerPrefsData
1764,,Persistence
1765,,Player
1766,,Index2
1767,,Index3
1768,,ReactorInfo
1769,,Reactor
1770,,Tile
1771,,ReactorComponent
1772,,ReactorInputHandler
1773,,ReactorLayout
1774,,Dimensions
1775,,SpaceValidityDelegate
1776,,ReactorLayouts
1777,,ReactorUIHandler
1778,,ShopManager
1779,,ShopPageButton
1780,,Simulation
1781,,Sprites
1782,,StatisticsManager
1783,,ToggleButton
1784,,Upgrade
1785,,UpgradeManager
1786,,UpgradeShopManager
1787,,UpgradeType
1788,,Category
1789,,Bonus
1790,,UpgradeTypes
1791,,GameException
1792,,InterpFunc
1793,,InterpFunc`1
1794,,InterpFuncs
1795,,Float
1796,,Vec2
1797,,Vec3
1798,,Maybe
1799,,Maybe`1
1800,,Utility
1801,,<OrderWithPreferences>c__AnonStorey0`1
