path_id,type,name
1,PlayerSettings,
2,InputManager,
3,TagManager,
4,AudioManager,
5,ScriptMapper,
6,MonoManager,
7,GraphicsSettings,
8,TimeManager,
9,DelayedCallManager,
10,PhysicsManager,
11,BuildSettings,
12,QualitySettings,
13,ResourceManager,
16,NavMeshProjectSettings,
17,Physics2DSettings,
19,RuntimeInitializeOnLoadManager,
20,CloudWebServicesManager,
22,UnityConnectSettings,
6,Shader,
7,Shader,
19,Shader,
62,Shader,
63,Shader,
64,Shader,
65,Shader,
66,Shader,
67,Shader,
68,Shader,
69,Shader,
74,Shader,
75,Shader,
102,Shader,
105,Shader,
107,Shader,
9000,Shader,
9001,Shader,
9002,Shader,
9003,Shader,
9004,Shader,
10757,Shader,
10770,Shader,
10782,Shader,
15104,Shader,
15105,Shader,
15106,Shader,
15304,Shader,
16000,Shader,
1,PreloadData,
2,Material,Sprites-Default
3,Shader,
4,MonoScript,AudioTrack
5,MonoScript,AudioTrack
6,MonoScript,GridLayoutGroup
7,MonoScript,GridLayoutGroup
8,MonoScript,Scrollbar
9,MonoScript,Scrollbar
10,MonoScript,AudioPlayableAsset
11,MonoScript,AudioPlayableAsset
12,MonoScript,EventTrigger
13,MonoScript,EventTrigger
14,MonoScript,BaseInputModule
15,MonoScript,BaseInputModule
16,MonoScript,NetworkTransform
17,MonoScript,NetworkTransform
18,MonoScript,PlaymodeTestsController
19,MonoScript,SpatialMappingBase
20,MonoScript,SpatialMappingBase
21,MonoScript,Physics2DRaycaster
22,MonoScript,Physics2DRaycaster
23,MonoScript,ControlPlayableAsset
24,MonoScript,ControlPlayableAsset
25,MonoScript,NetworkDiscovery
26,MonoScript,NetworkDiscovery
27,MonoScript,GroupTrack
28,MonoScript,GroupTrack
29,MonoScript,MaskableGraphic
30,MonoScript,MaskableGraphic
31,MonoScript,BaseRaycaster
32,MonoScript,BaseRaycaster
33,MonoScript,NetworkBehaviour
34,MonoScript,NetworkBehaviour
35,MonoScript,NetworkTransformChild
36,MonoScript,NetworkTransformChild
37,MonoScript,TrackAsset
38,MonoScript,TrackAsset
39,MonoScript,AspectRatioFitter
40,MonoScript,AspectRatioFitter
41,MonoScript,PointerInputModule
42,MonoScript,PointerInputModule
43,MonoScript,Mask
44,MonoScript,Mask
45,MonoScript,ToggleGroup
46,MonoScript,ToggleGroup
47,MonoScript,ControlTrack
48,MonoScript,ControlTrack
49,MonoScript,NetworkStartPosition
50,MonoScript,NetworkStartPosition
51,MonoScript,RemoteTestResultSender
52,MonoScript,Outline
53,MonoScript,Outline
54,MonoScript,NetworkLobbyManager
55,MonoScript,NetworkLobbyManager
56,MonoScript,GvrAudioRoom
57,MonoScript,GvrAudioRoom
58,MonoScript,NetworkTransformVisualizer
59,MonoScript,NetworkTransformVisualizer
60,MonoScript,NetworkManager
61,MonoScript,NetworkManager
62,MonoScript,PhysicsRaycaster
63,MonoScript,PhysicsRaycaster
64,MonoScript,Image
65,MonoScript,Image
66,MonoScript,BasicPlayableBehaviour
67,MonoScript,BasicPlayableBehaviour
68,MonoScript,EventSystem
69,MonoScript,EventSystem
70,MonoScript,SpatialMappingRenderer
71,MonoScript,SpatialMappingRenderer
72,MonoScript,LayoutGroup
73,MonoScript,LayoutGroup
74,MonoScript,HorizontalLayoutGroup
75,MonoScript,HorizontalLayoutGroup
76,MonoScript,Selectable
77,MonoScript,Selectable
78,MonoScript,RectMask2D
79,MonoScript,RectMask2D
80,MonoScript,Slider
81,MonoScript,Slider
82,MonoScript,RawImage
83,MonoScript,RawImage
84,MonoScript,Explosion
85,MonoScript,Sprites
86,MonoScript,InterpFunc
87,MonoScript,ReactorLayouts
88,MonoScript,Upgrade
89,MonoScript,BarWithLabel
90,MonoScript,Simulation
91,MonoScript,ToggleButton
92,MonoScript,StatisticsManager
93,MonoScript,Legacy
94,MonoScript,ReactorUIHandler
95,MonoScript,UpgradeType
96,MonoScript,ShopManager
97,MonoScript,HelpElement
98,MonoScript,Crypto
99,MonoScript,UpgradeManager
100,MonoScript,ComponentTypes
101,MonoScript,Player
102,MonoScript,ReactorLayout
103,MonoScript,Button
104,MonoScript,ReactorComponent
105,MonoScript,Controller
106,MonoScript,UpgradeShopManager
107,MonoScript,Utility
108,MonoScript,InfoBanner
109,MonoScript,Content
110,MonoScript,Reactor
111,MonoScript,ComponentType
112,MonoScript,GameException
113,MonoScript,BuyableComponent
114,MonoScript,Persistence
115,MonoScript,ReactorInputHandler
116,MonoScript,UpgradeTypes
117,MonoScript,ShopPageButton
118,MonoScript,Maybe
119,MonoScript,ActivationTrack
120,MonoScript,ActivationTrack
121,MonoScript,AnalyticsTracker
122,MonoScript,NetworkManagerHUD
123,MonoScript,NetworkManagerHUD
124,MonoScript,NetworkLobbyPlayer
125,MonoScript,NetworkLobbyPlayer
126,MonoScript,SpatialMappingCollider
127,MonoScript,SpatialMappingCollider
128,MonoScript,TimelineAsset
129,MonoScript,TimelineAsset
130,MonoScript,NetworkIdentity
131,MonoScript,NetworkIdentity
132,MonoScript,Graphic
133,MonoScript,Graphic
134,MonoScript,ActivationPlayableAsset
135,MonoScript,ActivationPlayableAsset
136,MonoScript,UIBehaviour
137,MonoScript,UIBehaviour
138,MonoScript,InputField
139,MonoScript,InputField
140,MonoScript,Text
141,MonoScript,Text
142,MonoScript,HorizontalOrVerticalLayoutGroup
143,MonoScript,HorizontalOrVerticalLayoutGroup
144,MonoScript,Dropdown
145,MonoScript,Dropdown
146,MonoScript,HoloLensInputModule
147,MonoScript,HoloLensInputModule
148,MonoScript,AudioSpatializerMicrosoft
149,MonoScript,AudioSpatializerMicrosoft
150,MonoScript,StandaloneInputModule
151,MonoScript,StandaloneInputModule
152,MonoScript,NetworkMigrationManager
153,MonoScript,NetworkMigrationManager
154,MonoScript,NetworkProximityChecker
155,MonoScript,NetworkProximityChecker
156,MonoScript,VerticalLayoutGroup
157,MonoScript,VerticalLayoutGroup
158,MonoScript,GraphicRaycaster
159,MonoScript,GraphicRaycaster
160,MonoScript,BaseInput
161,MonoScript,BaseInput
162,MonoScript,ScrollRect
163,MonoScript,ScrollRect
164,MonoScript,Button
165,MonoScript,Button
166,MonoScript,CallbackExecutor
167,MonoScript,AnimationTrack
168,MonoScript,AnimationTrack
169,MonoScript,Shadow
170,MonoScript,Shadow
171,MonoScript,NetworkAnimator
172,MonoScript,NetworkAnimator
173,MonoScript,PlayModeRunnerCallback
174,MonoScript,BaseMeshEffect
175,MonoScript,BaseMeshEffect
176,MonoScript,LayoutElement
177,MonoScript,LayoutElement
178,MonoScript,Placeholder
179,MonoScript,ContentSizeFitter
180,MonoScript,ContentSizeFitter
181,MonoScript,TrackedPoseDriver
182,MonoScript,TrackedPoseDriver
183,MonoScript,PlayableTrack
184,MonoScript,PlayableTrack
185,MonoScript,PositionAsUV1
186,MonoScript,PositionAsUV1
187,MonoScript,HoloLensInput
188,MonoScript,HoloLensInput
189,MonoScript,CanvasScaler
190,MonoScript,CanvasScaler
191,MonoScript,TouchInputModule
192,MonoScript,TouchInputModule
193,MonoScript,AnimationPlayableAsset
194,MonoScript,AnimationPlayableAsset
195,MonoScript,Toggle
196,MonoScript,Toggle
1,PreloadData,
2,Texture2D,InputFieldBackground
3,Texture2D,Vent1
4,Texture2D,ButtonMEDHover
5,Texture2D,GridBacker
6,Texture2D,ButtonNOREPLACE
7,Texture2D,Block
8,Texture2D,ButtonMEDClicked
9,Texture2D,ButtonBIGClicked
10,Texture2D,ButtonBACKClicked
11,Texture2D,Exchanger1
12,Texture2D,PowerClicked
13,Texture2D,ButtonBIG
14,Texture2D,IconClickedButton
15,Texture2D,PowerHover
16,Texture2D,GenericTile
17,Texture2D,HeatClicked
18,Texture2D,Heat
19,Texture2D,ExperimentalClicked
20,Texture2D,ButtonSMALL
21,Texture2D,ButtonREPLACE
22,Texture2D,Arcane
23,Texture2D,ButtonPAUSEHover
24,Texture2D,ButtonPAUSE
25,Texture2D,GridTile
26,Texture2D,GridFrame
27,Texture2D,ArcaneClicked
28,Texture2D,Power
29,Texture2D,IconHoverButton
30,Texture2D,ButtonBACKHover
31,Texture2D,ButtonSMALLClicked
32,Texture2D,ButtonPLAYHover
33,Texture2D,ExperimentalHover
34,Texture2D,ButtonREPLACEClicked
35,Texture2D,ButtonBIGHover
36,Texture2D,HeatHover
37,Texture2D,Fuel1-2
38,Texture2D,Fuel1-4
39,Texture2D,SideGrid
40,Texture2D,Pixel
41,Texture2D,ButtonNOREPLACEClicked
42,Texture2D,ButtonBACK
43,Texture2D,MainUpgrades
44,Texture2D,BarBackground
45,Texture2D,TopBanner
46,Texture2D,ButtonPLAYClicked
47,Texture2D,Fuel1-1
48,Texture2D,IconButtonLocked
49,Texture2D,ButtonMED
50,Texture2D,IconButton
51,Texture2D,Coolant1
52,Texture2D,ButtonPAUSEClicked
53,Texture2D,GenericPlus
54,Texture2D,Experimental
55,Texture2D,ArcaneHover
56,Texture2D,ButtonNOREPLACEHover
57,Texture2D,Explosion
58,Texture2D,ButtonPLAY
59,Texture2D,ButtonREPLACEHover
60,Texture2D,ButtonSMALLHover
61,Sprite,InputFieldBackground
62,Sprite,Vent1
63,Sprite,ButtonMEDHover
64,Sprite,GridBacker
65,Sprite,ButtonNOREPLACE
66,Sprite,Block
67,Sprite,ButtonMEDClicked
68,Sprite,ButtonBIGClicked
69,Sprite,ButtonBACKClicked
70,Sprite,Exchanger1
71,Sprite,PowerClicked
72,Sprite,ButtonBIG
73,Sprite,IconClickedButton
74,Sprite,PowerHover
75,Sprite,GenericTile
76,Sprite,HeatClicked
77,Sprite,Heat
78,Sprite,ExperimentalClicked
79,Sprite,ButtonSMALL
80,Sprite,ButtonREPLACE
81,Sprite,Arcane
82,Sprite,ButtonPAUSEHover
83,Sprite,ButtonPAUSE
84,Sprite,GridTile
85,Sprite,GridFrame
86,Sprite,ArcaneClicked
87,Sprite,Power
88,Sprite,IconHoverButton
89,Sprite,ButtonBACKHover
90,Sprite,ButtonSMALLClicked
91,Sprite,ButtonPLAYHover
92,Sprite,ExperimentalHover
93,Sprite,ButtonREPLACEClicked
94,Sprite,ButtonBIGHover
95,Sprite,HeatHover
96,Sprite,Fuel1-2
97,Sprite,Fuel1-4
98,Sprite,SideGrid
99,Sprite,Pixel
100,Sprite,ButtonNOREPLACEClicked
101,Sprite,ButtonBACK
102,Sprite,MainUpgrades
103,Sprite,BarBackground
104,Sprite,TopBanner
105,Sprite,ButtonPLAYClicked
106,Sprite,Fuel1-1
107,Sprite,IconButtonLocked
108,Sprite,ButtonMED
109,Sprite,IconButton
110,Sprite,Coolant1
111,Sprite,ButtonPAUSEClicked
112,Sprite,GenericPlus
113,Sprite,Experimental
114,Sprite,ArcaneHover
115,Sprite,ButtonNOREPLACEHover
116,Sprite,ButtonPLAY
117,Sprite,ButtonREPLACEHover
118,Sprite,ButtonSMALLHover
119,Sprite,Explosion_0
120,Sprite,Explosion_1
121,Sprite,Explosion_2
122,Sprite,Explosion_3
123,Sprite,Explosion_4
124,Sprite,Explosion_5
125,Sprite,Explosion_6
126,Sprite,Explosion_7
127,Sprite,Explosion_8
128,Sprite,Explosion_9
129,Sprite,Explosion_10
130,Sprite,Explosion_11
131,GameObject,BuyableComponentPrefab
132,GameObject,Generic Reactor Component
133,GameObject,Upgrade Icon Prefab
134,GameObject,Explosion Prefab
135,GameObject,Level Indicator
136,GameObject,Component Icon
137,GameObject,Base
138,GameObject,Fill
139,GameObject,Background
140,GameObject,Fill
141,GameObject,Durability Bar
142,GameObject,Background
143,GameObject,Heat Bar
144,GameObject,Component Icon Root
145,GameObject,Level Icon Root
146,GameObject,Generic Tile Prefab
147,Transform,
148,BoxCollider2D,
149,BoxCollider2D,
150,SpriteRenderer,
151,CanvasRenderer,
152,CanvasRenderer,
153,CanvasRenderer,
154,CanvasRenderer,
155,CanvasRenderer,
156,CanvasRenderer,
157,CanvasRenderer,
158,CanvasRenderer,
159,CanvasRenderer,
160,CanvasRenderer,
161,CanvasRenderer,
162,CanvasRenderer,
163,CanvasRenderer,
164,RectTransform,
165,RectTransform,
166,RectTransform,
167,RectTransform,
168,RectTransform,
169,RectTransform,
170,RectTransform,
171,RectTransform,
172,RectTransform,
173,RectTransform,
174,RectTransform,
175,RectTransform,
176,RectTransform,
177,RectTransform,
178,RectTransform,
179,MonoBehaviour,
180,MonoBehaviour,
181,MonoBehaviour,
182,MonoBehaviour,
183,MonoBehaviour,
184,MonoBehaviour,
185,MonoBehaviour,
186,MonoBehaviour,
187,MonoBehaviour,
188,MonoBehaviour,
189,MonoBehaviour,
190,MonoBehaviour,
191,MonoBehaviour,
192,MonoBehaviour,
193,MonoBehaviour,
194,MonoBehaviour,
1,GameObject,Vent Heat Button
2,GameObject,Info Banner
3,GameObject,Heat Info
4,GameObject,GenericTile
5,GameObject,Help Button
6,GameObject,GenericTile
7,GameObject,Power Label
8,GameObject,GenericTile
9,GameObject,GenericTile
10,GameObject,Input Canvas
11,GameObject,GenericTile
12,GameObject,HeatBar
13,GameObject,Controller
14,GameObject,Extreme Coolant
15,GameObject,Heat Info
16,GameObject,Heat Info
17,GameObject,Experimental Components
18,GameObject,Options Page
19,GameObject,Upgrade Shop Manager
20,GameObject,Back Button
21,GameObject,Header
22,GameObject,Basics Help
23,GameObject,Money Label
24,GameObject,Simulation
25,GameObject,Reactor UI
26,GameObject,Bare Minimum Info
27,GameObject,Upgrade Panel
28,GameObject,Label
29,GameObject,Options Button
30,GameObject,GenericTile
31,GameObject,Label
32,GameObject,DEPRECATED
33,GameObject,Vertical Scrollbar
34,GameObject,Label
35,GameObject,GenericTile
36,GameObject,InputField
37,GameObject,Fill
38,GameObject,Replace Button
39,GameObject,GenericTile
40,GameObject,GenericTile
41,GameObject,Bare Minimum Info
42,GameObject,Label
43,GameObject,Label
44,GameObject,Bare Minimum Info
45,GameObject,GenericTile
46,GameObject,Text Overlay
47,GameObject,Text
48,GameObject,Description Label
49,GameObject,Export Button
50,GameObject,Component Root
51,GameObject,Heat Help
52,GameObject,Reset Button
53,GameObject,Name Label
54,GameObject,Bare Minimum Info
55,GameObject,Vertical Scrollbar Root
56,GameObject,GenericTile
57,GameObject,Prestige Explanation
58,GameObject,Upgrade Shop Root
59,GameObject,Bare Minimum Info
60,GameObject,Label
61,GameObject,GenericTile
62,GameObject,Bare Minimum Info
63,GameObject,Label
64,GameObject,Heat Info
65,GameObject,Background
66,GameObject,GenericTile
67,GameObject,PrestigeButton
68,GameObject,Label
69,GameObject,Import Button
70,GameObject,Bare Minimum Info
71,GameObject,GenericTile
72,GameObject,Label
73,GameObject,Heat Info
74,GameObject,Bare Minimum Info
75,GameObject,Statistic Button
76,GameObject,Text Overlay
77,GameObject,Status Label
78,GameObject,Label
79,GameObject,Bare Minimum Info
80,GameObject,Sell Power Button
81,GameObject,Bare Minimum Info
82,GameObject,GenericTile
83,GameObject,Horizontal Scrollbar Root
84,GameObject,Label
85,GameObject,EventSystem
86,GameObject,SideGrid
87,GameObject,Label
88,GameObject,Main Upgrades
89,GameObject,Heat Management
90,GameObject,Grid Frame
91,GameObject,The Unknown
92,GameObject,Grid Backer
93,GameObject,Main Camera
94,GameObject,Statistics
95,GameObject,Power Generation
96,GameObject,Fill
97,GameObject,GenericTile
98,GameObject,GenericTile
99,GameObject,GenericTile
100,GameObject,Bare Minimum Info
101,GameObject,Pause Button
102,GameObject,Horizontal Scrollbar
103,GameObject,Placeholder
104,GameObject,Background
105,GameObject,Shop Manager
106,GameObject,GenericTile
107,GameObject,Tile Root
108,GameObject,GenericTile
109,GameObject,Power Bar
110,GameObject,Heat Label
111,GameObject,GenericTile
112,GameObject,Bare Minimum Info
113,GameObject,Bare Minimum Info
114,GameObject,Heat Info
115,GameObject,Prestige Upgrades
116,GameObject,Extreme Capacitor
117,GameObject,Statistics Page
118,GameObject,Shop Root
119,GameObject,Bare Minimum Info
120,GameObject,Bare Minimum Info
121,GameObject,Cost Label
122,Transform,
123,Transform,
124,Transform,
125,Transform,
126,Transform,
127,Transform,
128,Transform,
129,Transform,
130,Transform,
131,Transform,
132,Transform,
133,Transform,
134,Transform,
135,Transform,
136,Transform,
137,Transform,
138,Transform,
139,Transform,
140,Transform,
141,Transform,
142,Transform,
143,Transform,
144,Transform,
145,Transform,
146,Transform,
147,Transform,
148,Transform,
149,Transform,
150,Transform,
151,Transform,
152,Transform,
153,Transform,
154,Transform,
155,Transform,
156,Transform,
157,Transform,
158,Transform,
159,Transform,
160,Transform,
161,Transform,
162,Transform,
163,Transform,
164,Transform,
165,Transform,
166,Transform,
167,Transform,
168,Transform,
169,Transform,
170,Transform,
171,Transform,
172,Camera,
173,PolygonCollider2D,
174,BoxCollider2D,
175,BoxCollider2D,
176,BoxCollider2D,
177,BoxCollider2D,
178,BoxCollider2D,
179,BoxCollider2D,
180,BoxCollider2D,
181,BoxCollider2D,
182,BoxCollider2D,
183,BoxCollider2D,
184,BoxCollider2D,
185,BoxCollider2D,
186,BoxCollider2D,
187,BoxCollider2D,
188,BoxCollider2D,
189,BoxCollider2D,
190,BoxCollider2D,
191,BoxCollider2D,
192,BoxCollider2D,
193,BoxCollider2D,
194,BoxCollider2D,
195,BoxCollider2D,
196,AudioListener,
197,GUILayer,
198,RenderSettings,
199,FlareLayer,
200,LightmapSettings,
201,SpriteRenderer,
202,SpriteRenderer,
203,SpriteRenderer,
204,SpriteRenderer,
205,SpriteRenderer,
206,SpriteRenderer,
207,SpriteRenderer,
208,SpriteRenderer,
209,SpriteRenderer,
210,SpriteRenderer,
211,SpriteRenderer,
212,SpriteRenderer,
213,SpriteRenderer,
214,SpriteRenderer,
215,SpriteRenderer,
216,SpriteRenderer,
217,SpriteRenderer,
218,SpriteRenderer,
219,SpriteRenderer,
220,SpriteRenderer,
221,SpriteRenderer,
222,SpriteRenderer,
223,SpriteRenderer,
224,SpriteRenderer,
225,SpriteRenderer,
226,SpriteRenderer,
227,SpriteRenderer,
228,SpriteRenderer,
229,SpriteRenderer,
230,SpriteRenderer,
231,SpriteRenderer,
232,SpriteRenderer,
233,SpriteRenderer,
234,SpriteRenderer,
235,SpriteRenderer,
236,SpriteRenderer,
237,SpriteRenderer,
238,SpriteRenderer,
239,SpriteRenderer,
240,SpriteRenderer,
241,SpriteRenderer,
242,SpriteRenderer,
243,SpriteRenderer,
244,SpriteRenderer,
245,CanvasRenderer,
246,CanvasRenderer,
247,CanvasRenderer,
248,CanvasRenderer,
249,CanvasRenderer,
250,CanvasRenderer,
251,CanvasRenderer,
252,CanvasRenderer,
253,CanvasRenderer,
254,CanvasRenderer,
255,CanvasRenderer,
256,CanvasRenderer,
257,CanvasRenderer,
258,CanvasRenderer,
259,CanvasRenderer,
260,CanvasRenderer,
261,CanvasRenderer,
262,CanvasRenderer,
263,CanvasRenderer,
264,CanvasRenderer,
265,CanvasRenderer,
266,CanvasRenderer,
267,CanvasRenderer,
268,CanvasRenderer,
269,CanvasRenderer,
270,CanvasRenderer,
271,CanvasRenderer,
272,CanvasRenderer,
273,CanvasRenderer,
274,CanvasRenderer,
275,CanvasRenderer,
276,CanvasRenderer,
277,CanvasRenderer,
278,CanvasRenderer,
279,CanvasRenderer,
280,CanvasRenderer,
281,CanvasRenderer,
282,CanvasRenderer,
283,CanvasRenderer,
284,CanvasRenderer,
285,CanvasRenderer,
286,CanvasRenderer,
287,CanvasRenderer,
288,CanvasRenderer,
289,CanvasRenderer,
290,CanvasRenderer,
291,CanvasRenderer,
292,CanvasRenderer,
293,CanvasRenderer,
294,CanvasRenderer,
295,CanvasRenderer,
296,CanvasRenderer,
297,CanvasRenderer,
298,CanvasRenderer,
299,CanvasRenderer,
300,CanvasRenderer,
301,CanvasRenderer,
302,CanvasRenderer,
303,CanvasRenderer,
304,CanvasRenderer,
305,CanvasRenderer,
306,CanvasRenderer,
307,CanvasRenderer,
308,Canvas,
309,Canvas,
310,Canvas,
311,Canvas,
312,RectTransform,
313,RectTransform,
314,RectTransform,
315,RectTransform,
316,RectTransform,
317,RectTransform,
318,RectTransform,
319,RectTransform,
320,RectTransform,
321,RectTransform,
322,RectTransform,
323,RectTransform,
324,RectTransform,
325,RectTransform,
326,RectTransform,
327,RectTransform,
328,RectTransform,
329,RectTransform,
330,RectTransform,
331,RectTransform,
332,RectTransform,
333,RectTransform,
334,RectTransform,
335,RectTransform,
336,RectTransform,
337,RectTransform,
338,RectTransform,
339,RectTransform,
340,RectTransform,
341,RectTransform,
342,RectTransform,
343,RectTransform,
344,RectTransform,
345,RectTransform,
346,RectTransform,
347,RectTransform,
348,RectTransform,
349,RectTransform,
350,RectTransform,
351,RectTransform,
352,RectTransform,
353,RectTransform,
354,RectTransform,
355,RectTransform,
356,RectTransform,
357,RectTransform,
358,RectTransform,
359,RectTransform,
360,RectTransform,
361,RectTransform,
362,RectTransform,
363,RectTransform,
364,RectTransform,
365,RectTransform,
366,RectTransform,
367,RectTransform,
368,RectTransform,
369,RectTransform,
370,RectTransform,
371,RectTransform,
372,RectTransform,
373,RectTransform,
374,RectTransform,
375,RectTransform,
376,RectTransform,
377,RectTransform,
378,RectTransform,
379,RectTransform,
380,RectTransform,
381,RectTransform,
382,RectTransform,
383,MonoBehaviour,
384,MonoBehaviour,
385,MonoBehaviour,
386,MonoBehaviour,
387,MonoBehaviour,
388,MonoBehaviour,
389,MonoBehaviour,
390,MonoBehaviour,
391,MonoBehaviour,
392,MonoBehaviour,
393,MonoBehaviour,
394,MonoBehaviour,
395,MonoBehaviour,
396,MonoBehaviour,
397,MonoBehaviour,
398,MonoBehaviour,
399,MonoBehaviour,
400,MonoBehaviour,
401,MonoBehaviour,
402,MonoBehaviour,
403,MonoBehaviour,
404,MonoBehaviour,
405,MonoBehaviour,
406,MonoBehaviour,
407,MonoBehaviour,
408,MonoBehaviour,
409,MonoBehaviour,
410,MonoBehaviour,
411,MonoBehaviour,
412,MonoBehaviour,
413,MonoBehaviour,
414,MonoBehaviour,
415,MonoBehaviour,
416,MonoBehaviour,
417,MonoBehaviour,
418,MonoBehaviour,
419,MonoBehaviour,
420,MonoBehaviour,
421,MonoBehaviour,
422,MonoBehaviour,
423,MonoBehaviour,
424,MonoBehaviour,
425,MonoBehaviour,
426,MonoBehaviour,
427,MonoBehaviour,
428,MonoBehaviour,
429,MonoBehaviour,
430,MonoBehaviour,
431,MonoBehaviour,
432,MonoBehaviour,
433,MonoBehaviour,
434,MonoBehaviour,
435,MonoBehaviour,
436,MonoBehaviour,
437,MonoBehaviour,
438,MonoBehaviour,
439,MonoBehaviour,
440,MonoBehaviour,
441,MonoBehaviour,
442,MonoBehaviour,
443,MonoBehaviour,
444,MonoBehaviour,
445,MonoBehaviour,
446,MonoBehaviour,
447,MonoBehaviour,
448,MonoBehaviour,
449,MonoBehaviour,
450,MonoBehaviour,
451,MonoBehaviour,
452,MonoBehaviour,
453,MonoBehaviour,
454,MonoBehaviour,
455,MonoBehaviour,
456,MonoBehaviour,
457,MonoBehaviour,
458,MonoBehaviour,
459,MonoBehaviour,
460,MonoBehaviour,
461,MonoBehaviour,
462,MonoBehaviour,
463,MonoBehaviour,
464,MonoBehaviour,
465,MonoBehaviour,
466,MonoBehaviour,
467,MonoBehaviour,
468,MonoBehaviour,
469,MonoBehaviour,
470,MonoBehaviour,
471,MonoBehaviour,
472,MonoBehaviour,
473,MonoBehaviour,
474,MonoBehaviour,
475,MonoBehaviour,
476,MonoBehaviour,
477,MonoBehaviour,
478,MonoBehaviour,
479,MonoBehaviour,
480,MonoBehaviour,
481,MonoBehaviour,
482,MonoBehaviour,
483,MonoBehaviour,
484,MonoBehaviour,
485,MonoBehaviour,
486,MonoBehaviour,
487,MonoBehaviour,
488,MonoBehaviour,
489,MonoBehaviour,
490,MonoBehaviour,
491,MonoBehaviour,
492,MonoBehaviour,
493,MonoBehaviour,
494,MonoBehaviour,
495,MonoBehaviour,
496,MonoBehaviour,
1,Texture2D,Fuel11-1-e
2,Texture2D,Fuel8-1
3,Texture2D,Outlet2
4,Texture2D,Fuel3-2
5,Texture2D,Reflector3
6,Texture2D,Capacitor2
7,Texture2D,Plate5
8,Texture2D,Fuel2-1
9,Texture2D,Fuel8-2-e
10,Texture2D,Plate1UP
11,Texture2D,Fuel10-4
12,Texture2D,Capacitor6
13,Texture2D,Fuel1-2-e
14,Texture2D,Fuel11-4-e
15,Texture2D,Fuel5-4
16,Texture2D,Capacitor4
17,Texture2D,GenericHeat
18,Texture2D,AltGrid
19,Texture2D,Reflector4
20,Texture2D,Fuel8-1-e
21,Texture2D,Reflector2
22,Texture2D,Outlet4
23,Texture2D,Reflector5
24,Texture2D,Plate3
25,Texture2D,Fuel10-2
26,Texture2D,Exchanger3
27,Texture2D,Outlet5
28,Texture2D,Fuel9-2-e
29,Texture2D,FireAnim
30,Texture2D,Fuel7-4-e
31,Texture2D,Plate4UP
32,Texture2D,Fuel11-2-e
33,Texture2D,Fuel4-1-e
34,Texture2D,Fuel6-1
35,Texture2D,Fuel8-4
36,Texture2D,Fuel7-4
37,Texture2D,Fuel10-4-e
38,Texture2D,Fuel3-2-e
39,Texture2D,Fuel2-2
40,Texture2D,Fuel4-4
41,Texture2D,Exchanger2
42,Texture2D,Fuel6-2-e
43,Texture2D,Fuel10-1-e
44,Texture2D,Fuel3-1-e
45,Texture2D,Inlet5
46,Texture2D,Plate2UP
47,Texture2D,Plate4
48,Texture2D,Coolant4
49,Texture2D,Inlet4
50,Texture2D,Fuel3-4-e
51,Texture2D,Fuel5-2-e
52,Texture2D,Vent2
53,Texture2D,Fuel1-1-e
54,Texture2D,Fuel5-1
55,Texture2D,Reflector1
56,Texture2D,Fuel6-4-e
57,Texture2D,Vent5
58,Texture2D,Inlet1
59,Texture2D,Fuel4-1
60,Texture2D,GenericInfinity
61,Texture2D,Coolant3
62,Texture2D,Fuel11-4
63,Texture2D,Fuel6-1-e
64,Texture2D,Fuel9-4
65,Texture2D,Clock
66,Texture2D,Fuel9-4-e
67,Texture2D,Plate3UP
68,Texture2D,Fuel7-1
69,Texture2D,Fuel4-2
70,Texture2D,Outlet1
71,Texture2D,Capacitor3
72,Texture2D,Fuel5-4-e
73,Texture2D,Exchanger5
74,Texture2D,Vent3
75,Texture2D,Fuel1-4-e
76,Texture2D,Fuel7-2
77,Texture2D,Fuel3-4
78,Texture2D,Vent4
79,Texture2D,Fuel4-2-e
80,Texture2D,Outlet3
81,Texture2D,Fuel8-2
82,Texture2D,Fuel9-1-e
83,Texture2D,Fuel2-4
84,Texture2D,Inlet2
85,Texture2D,Coolant6
86,Texture2D,Plate1
87,Texture2D,Plate2
88,Texture2D,FireAnimMirrored
89,Texture2D,MainGrid
90,Texture2D,Capacitor1
91,Texture2D,Fuel8-4-e
92,Texture2D,Fuel4-4-e
93,Texture2D,Exchanger4
94,Texture2D,Fuel3-1
95,Texture2D,Fuel11-2
96,Texture2D,Fuel10-1
97,Texture2D,Capacitor5
98,Texture2D,Fuel2-1-e
99,Texture2D,FireAnimCharcoal
100,Texture2D,Fuel7-2-e
101,Texture2D,Fuel10-2-e
102,Texture2D,Inlet3
103,Texture2D,Fuel11-1
104,Texture2D,Fuel9-2
105,Texture2D,Fuel5-2
106,Texture2D,Coolant5
107,Texture2D,Fuel9-1
108,Texture2D,Fuel2-2-e
109,Texture2D,Plate5UP
110,Texture2D,Fuel6-2
111,Texture2D,Fuel7-1-e
112,Texture2D,Fuel2-4-e
113,Texture2D,Fuel6-4
114,Texture2D,Fuel5-1-e
115,Texture2D,Coolant2
116,Texture2D,GenericPower
117,Sprite,Fuel11-1-e
118,Sprite,Fuel8-1
119,Sprite,Outlet2
120,Sprite,Fuel3-2
121,Sprite,Reflector3
122,Sprite,Capacitor2
123,Sprite,Plate5
124,Sprite,Fuel2-1
125,Sprite,Fuel8-2-e
126,Sprite,Plate1UP
127,Sprite,Fuel10-4
128,Sprite,Capacitor6
129,Sprite,Fuel1-2-e
130,Sprite,Fuel11-4-e
131,Sprite,Fuel5-4
132,Sprite,Capacitor4
133,Sprite,GenericHeat
134,Sprite,AltGrid
135,Sprite,Reflector4
136,Sprite,Fuel8-1-e
137,Sprite,Reflector2
138,Sprite,Outlet4
139,Sprite,Reflector5
140,Sprite,Plate3
141,Sprite,Fuel10-2
142,Sprite,Exchanger3
143,Sprite,Outlet5
144,Sprite,Fuel9-2-e
145,Sprite,Fuel7-4-e
146,Sprite,Plate4UP
147,Sprite,Fuel11-2-e
148,Sprite,Fuel4-1-e
149,Sprite,Fuel6-1
150,Sprite,Fuel8-4
151,Sprite,Fuel7-4
152,Sprite,Fuel10-4-e
153,Sprite,Fuel3-2-e
154,Sprite,Fuel2-2
155,Sprite,Fuel4-4
156,Sprite,Exchanger2
157,Sprite,Fuel6-2-e
158,Sprite,Fuel10-1-e
159,Sprite,Fuel3-1-e
160,Sprite,Inlet5
161,Sprite,Plate2UP
162,Sprite,Plate4
163,Sprite,Coolant4
164,Sprite,Inlet4
165,Sprite,Fuel3-4-e
166,Sprite,Fuel5-2-e
167,Sprite,Vent2
168,Sprite,Fuel1-1-e
169,Sprite,Fuel5-1
170,Sprite,Reflector1
171,Sprite,Fuel6-4-e
172,Sprite,Vent5
173,Sprite,Inlet1
174,Sprite,Fuel4-1
175,Sprite,GenericInfinity
176,Sprite,Coolant3
177,Sprite,Fuel11-4
178,Sprite,Fuel6-1-e
179,Sprite,Fuel9-4
180,Sprite,Clock
181,Sprite,Fuel9-4-e
182,Sprite,Plate3UP
183,Sprite,Fuel7-1
184,Sprite,Fuel4-2
185,Sprite,Outlet1
186,Sprite,Capacitor3
187,Sprite,Fuel5-4-e
188,Sprite,Exchanger5
189,Sprite,Vent3
190,Sprite,Fuel1-4-e
191,Sprite,Fuel7-2
192,Sprite,Fuel3-4
193,Sprite,Vent4
194,Sprite,Fuel4-2-e
195,Sprite,Outlet3
196,Sprite,Fuel8-2
197,Sprite,Fuel9-1-e
198,Sprite,Fuel2-4
199,Sprite,Inlet2
200,Sprite,Coolant6
201,Sprite,Plate1
202,Sprite,Plate2
203,Sprite,FireAnimMirrored
204,Sprite,MainGrid
205,Sprite,Capacitor1
206,Sprite,Fuel8-4-e
207,Sprite,Fuel4-4-e
208,Sprite,Exchanger4
209,Sprite,Fuel3-1
210,Sprite,Fuel11-2
211,Sprite,Fuel10-1
212,Sprite,Capacitor5
213,Sprite,Fuel2-1-e
214,Sprite,FireAnimCharcoal
215,Sprite,Fuel7-2-e
216,Sprite,Fuel10-2-e
217,Sprite,Inlet3
218,Sprite,Fuel11-1
219,Sprite,Fuel9-2
220,Sprite,Fuel5-2
221,Sprite,Coolant5
222,Sprite,Fuel9-1
223,Sprite,Fuel2-2-e
224,Sprite,Plate5UP
225,Sprite,Fuel6-2
226,Sprite,Fuel7-1-e
227,Sprite,Fuel2-4-e
228,Sprite,Fuel6-4
229,Sprite,Fuel5-1-e
230,Sprite,Coolant2
231,Sprite,GenericPower
